"at","score","content","sentiment","pos_score","neg_score"
"2026-01-18 11:31:35","5","엄청 재밌네요 기왕이면 유료가 없어지면 좋겠지만 작가님들도 먹고 살아야하니 ㅎㅎ 개인적으로 말씀 드리자면 여우애담 이라는 웹툰을 재밌게 읽고 있습니다 만약 이 앱을 다운로드하게 된다면 꼭 추천 합니다 (달달한 로맨스 입니다 ♡×♡)","긍정","4","0"
"2026-01-18 08:13:52","1","제가 구글 포인트 600개로 쿠키 60개짜리를 샀는데 아무리 앱을 껐다 켜봐도 쿠키가 지급되지 않아요. 분명 구글 포인트는 줄어들었는데 아무리 확인해도 쿠키가 들어오지 않습니다. 다시 제대로 쿠키지급 부탁드립니다.","부정","0","0"
"2026-01-18 00:02:36","1","네이버앱에서 웹툰 보다가 쿠키.구워서 결제했는데 결제한.웹툰은 웹툰앱으로 보래;;;; 결제하기전에 미리 고지하던가;;; 악독해","부정","0","0"
"2026-01-17 21:54:31","1","화면 축소도 안된다 확대한거 되돌리기만 가능 화면이 너무 커서 내리면서 보기 힘들어 축소 기능이 필요한데 컴터로는 가능한데 폰 앱은 안되네","부정","0","0"
"2026-01-17 18:50:29","4","자동스크롤 기능/완결웹툰의 장르별 분류가 없는게 크게 아쉬워요. 1. 자동스크롤 자기 전에 자바라로 편하게 보고싶은데 계속 스크롤 내리다보니 팔에 통증이 있습니다... 때문에 장시간 웹툰을 보긴 어려워요 2. 완결웹툰 장르별 분류 순서대로 스크롤 내리면서 보기엔, 취향에 맞지 않는 것들이 나와 리스트에서 낭비되는 시간이 길어요.","긍정","0","0"
"2026-01-17 14:50:23","5","밥도둑","긍정","0","0"
"2026-01-17 13:40:46","5","사랑해여 네이버 웹툰 💞💞💞💞💞","긍정","0","0"
"2026-01-17 08:56:05","5","휴재작이 완결작과 구분되지 않아 불편함이 있습니다","긍정","0","2"
"2026-01-17 01:39:48","5","재미있는 웹툰이 많아서 넘 좋음!!","긍정","2","0"
"2026-01-16 12:00:26","5","굿","긍정","0","0"
"2026-01-16 10:30:54","5","너무 좋아요","긍정","2","0"
"2026-01-16 08:55:18","5","솔직히 네이버 웹툰 로그인 하기만 하면 24시간 기다려서 볼 수 있는 것도 있고 19세 이상 웹툰도 잘 잠겨 있어서 편한 것 같아요.","긍정","0","0"
"2026-01-16 07:21:25","5","재밌는 웹툰이 많아서, 새벽까지 보게 됬어요..","긍정","0","0"
"2026-01-16 05:42:12","5","아 ㅜㅜ 인생앱 치오오빠 ㄱ존잘 다정한 칩입자보다가 와 네이버 웹툰과 사랑에 빠짐 네이버 웹툰 만수무강(?)해야함 진짜","긍정","0","0"
"2026-01-16 04:17:35","3","웹툰이 너무 재밌는데 욕이 너무 나와요. 아직 초딩5학년인데 욕이너무 많습니다.","중립","0","0"
"2026-01-16 01:28:43","5","쿠키 이벤트 많이해주세요","긍정","0","0"
"2026-01-16 01:24:54","5","웹툰이 재미있는게 많아서 너무 좋아요 다른 웹툰앱보단 이게 짱인듯?","긍정","4","0"
"2026-01-16 01:00:35","5","정말편하고좋아요별:5점!드림니다.","긍정","2","0"
"2026-01-16 00:39:44","5","good","긍정","0","0"
"2026-01-15 22:06:12","5","웹툰이 많아서 질릴 타이밍이 없어요","긍정","0","0"
"2026-01-15 16:47:28","5","명작만 보는중. 솔직히 쿠키 없을때만 미션뜨는건 나만겪는건가","긍정","3","0"
"2026-01-15 16:10:06","4","*건의사항 관심웹툰에서 웹툰 리스트 나오는 방식이 업데이트+안 읽은 작품 순으로 나오는게 추가됐으면 좋겠어요 이외에는 불편한 것 없이 잘 사용하고 있습니다","긍정","0","2"
"2026-01-15 15:34:13","3","작가들 컨디션을 위해 휴재가 있는 것은 좋지만 솔직히 1년 2년 넘으면 돌아오라고 하든지 진짜 하다 못해 완결을 내든지 해야 한다고 생각합니다. 진짜 기다리다가 목 빠지겠어요. 진짜 2년 휴재는 안 돌아온다는 것 아닌가요?","중립","0","0"
"2026-01-15 14:30:08","5","개인적으로 짤을 만들 수 있어서 좋고 댓을 달고 반응을 볼 수 있어서 좋았다. 웹툰을 좋아하는 사람들에게 추천한다.아 그리고 캐릭터챗 좋은데 김독자 등등 많은 캐릭터를 더 추가해주시면... 안 될 까요...?","긍정","3","0"
"2026-01-15 13:03:03","5","느낌이 팍 살아있고 노래 음까지 가끔씩 넣어주어 과몰입도!! 되고 흥미로우면서 파격적인 느낌이 강하게 전해진 것에 너무 재밌네요 사람 하나하나 '특징들'을 너무나 잘 살려주었고 그러기에 더 흥미가 커지는 것 같아요 오랫동안 본 결과로 한 편 하나하나가 제대로 잘 만들어져서 다음화 또 다음화가 기대가 될 정도입니다 웃기면서도, 슬픈,로맨스판타지 등등!! 표현을 잘 해주신 것 같고 행동하나하나 그림이 너무 잘 살려주어 웃음이나 슬픔이 나올 정도인 것 같네요 앞으로 열심히 보고 응원하겠습니다 항상 건강하시고 힘내세요 아프지도 마시고요 한 편 하나하나 잘 보겠습니다 '애니'로도 나오면 잘 될 것 같네요 애니로도 보면 더 느낌이 살아날 것도 같고 더 대박이 될 것 같은 생각도 날 정도로 너무 잘 만들어주셔서 나오면 좋겠네요!!! 완전 사랑해요 전 이런 내용이 재밌더라고요 노래 음과 함께 과몰입도 되고 슬픔도 나누고표현도너무잘되어 그림의 표정이 마치저의 표정으로도보이기도 합니다ㅠㅠ감사합니다","긍정","8","0"
"2026-01-15 12:49:35","5","심심할때 보면 재밌다","긍정","2","0"
"2026-01-15 09:25:35","5","재미있게보고있어요ㅎㅎ","긍정","2","0"
"2026-01-15 08:55:34","5","사용하기 편해요","긍정","0","0"
"2026-01-14 16:10:41","5","다 좋은데 제발 그저여명일쁀 출시해주시면 안돼나요ㅠㅠ 너무 보고싶어요","긍정","0","0"
"2026-01-14 15:30:35","5","대리만족","긍정","0","0"
"2026-01-14 14:45:29","4","저 원래 리뷰 진짜 안 쓰는데 제발 웹툰 북마크나 좋아요 누른 작품 따로 볼 수 있게 해주세요 진ㅁ자ㅠㅠㅠ","긍정","2","0"
"2026-01-14 14:05:47","1","일시적 오류가 발생했다고하고 안 뜨는데 뭔가요?","부정","0","2"
"2026-01-14 10:23:47","5","굳","긍정","0","0"
"2026-01-14 07:39:27","5","재밋어용","긍정","0","0"
"2026-01-14 06:13:11","5","👍","긍정","0","0"
"2026-01-14 06:05:16","5","제가 좋아하는 웹툰을 찾아서 보는게 편하고 재미있어요.","긍정","3","0"
"2026-01-14 02:33:24","1","광고땜에 짜증난다,","부정","0","3"
"2026-01-14 02:21:38","5","굿","긍정","0","0"
"2026-01-14 01:59:44","2","마비노기 이벤트 캐릭터 만들면 쿠키 준다면서 만들었더니 안주는건 또 뭐임?? 11번가 앱 최초접속 했을때도 쿠키 안주더만..그래도 웹툰이 재미있는게 많아서 2점줌ㅋ","부정","2","0"
"2026-01-14 01:47:05","1","구글포인트로 쿠키결제 했는데 쿠키가들어오지두 더구입도 되지않습니다 이게 몇일되니 너무불편합니다 빠른시내에 원상복구시켜주세요","부정","0","2"
"2026-01-13 17:23:16","2","제발 '킬링 스프리' 겁나 재밌게 보고 이거때문에 결제까지 했는데 네이버 본사문제인가 뭐든간에 그냥 멋대로 급완결시키는 짓 좀 제발 안했으면 좋겠어요 그만했으면 좋겠어요 ㅈㅂ 겁나 재밌게 보고있었는데 흥 떨어지게 만드네","부정","0","0"
"2026-01-13 13:50:22","5","좋아요!","긍정","2","0"
"2026-01-13 13:33:55","4","어떤 문제인지는 모르겠으나 다른 대부분의 웹툰들은 전부 잘 되고 휴재를 해도 다시 꾸준히 나오는데 그 웹툰은 ""화산귀환"" 화산귀환 리코팀 응원하고 다시 나올 수 있도록 응원합니다..","긍정","1","0"
"2026-01-13 13:26:47","5","좋아요 좋아~ 너무 재밌게보고있습니다 작가님들 응원할께요~!","긍정","3","0"
"2026-01-13 11:29:35","5","개추요 재밋는 웹툰 많이보구갑니다~","긍정","0","0"
"2026-01-13 10:46:27","5","매번 노력하는 네이버!!! 감사합니다!","긍정","1","0"
"2026-01-12 23:39:58","1","베댓 왜 이렇게 바꿨어요? 좋아요 몇개 이하는 안 보이게 해야지 죄다 보이면 어쩌자는거","부정","2","0"
"2026-01-12 19:35:33","5","굳","긍정","0","0"
"2026-01-12 16:14:00","5","진짜 카카오 웹툰(?) 보다 진짜 웹툰도 많고 겁나 재밌는 웹툰 밖에 없음!!!!","긍정","0","0"
"2026-01-12 14:41:04","5","네이버역시웹투도간기나게멋있고스토리로룻기고탄탄한스토리도있구..로맨스와좋은그림체랑.. 전투웹툽까지다너무마음에들어요!!!!!!!!!!!!!!!!!!!!!! 나도언젠가웹툰작가될꾸야!!!!","긍정","0","0"
"2026-01-12 12:30:56","1","웹툰 하단에 댓글은 왜 미리보기로 뜨는 거임..","부정","0","0"
"2026-01-12 09:43:26","5","👍","긍정","0","0"
"2026-01-12 09:15:05","5","굿 굿 굿","긍정","0","0"
"2026-01-12 08:03:10","5","너무 좋아요","긍정","2","0"
"2026-01-12 07:59:08","5","무료로 웹툰을 볼 수 있다는 점과 완결 웹툰 하루에 한번 대여해서 볼 수 있어서 좋음","긍정","0","0"
"2026-01-12 06:09:31","1","아니 쿠키 구매하자마자 튕김 왜 하..... 나한테만이러는거야 로그인도 안되고 인증해도 튕기고 그냥 다른 웹툰 볼게요","부정","0","0"
"2026-01-12 04:08:02","5","겁나 좋아요","긍정","2","0"
"2026-01-12 02:34:58","5","굿 굿 잼잼","긍정","0","0"
"2026-01-12 01:42:28","5","굿,아주 굿","긍정","0","0"
"2026-01-11 22:06:51","1","쿠키 미지급 경험이 불쾌함","부정","0","0"
"2026-01-11 14:10:04","5","재미있는 웹툰이 많아요.","긍정","2","0"
"2026-01-11 12:20:19","5","재밌어요! 시간떼우기 아주좋아요 강력추천!!","긍정","8","0"
"2026-01-11 12:15:36","5","네이버 웹툰을 n년째 보고 있는 학생 입니다. n년째 웹툰을 보면서 꽤 좋은것 같다고 생각 합니다. 컷츠도 생겨서 시간 날때 마다 보고 있어요. 좋은 웹툰들도 많고 합니다. 캐릭터챗,지금 뭐봐?,겟짤 등 시간 날때마다 하고 봅니다. 새로운게 나올때 마다 기대합니다.","긍정","0","0"
"2026-01-11 09:20:39","5","깔았다가 지웠는데 추천","긍정","2","0"
"2026-01-11 07:38:47","1","내 플레이포인트 200개 먹고 쿠키 20개 왜 안주냐 네웹문제냐 플레이스토어 문제냐","부정","0","0"
"2026-01-11 04:34:49","5","재밌어요 ㅎㅎ 감사합니다 😍😍","긍정","5","0"
"2026-01-11 02:39:46","4","다 좋은데 캡쳐가 안되네요...아니 뭐 저작권 문제도 있지만..ㅇ미 완결된 작품은 허락해도 되지 않나?암튼","긍정","0","0"
"2026-01-11 02:38:54","2","자꾸 이미지 로딩이 안돼요 데이터 문제는 아닌게 유튜브는 동시에 볼 수 있어요. 재설치만 2번째","부정","0","0"
"2026-01-10 22:23:44","5","굳","긍정","0","0"
"2026-01-10 14:45:47","5","재밌어요 추천드렵니다","긍정","6","0"
"2026-01-10 13:15:27","5","정말 재밌게 쓸게","긍정","0","0"
"2026-01-10 09:32:29","5","너무좋아요.","긍정","2","0"
"2026-01-09 19:54:39","5","응원","긍정","1","0"
"2026-01-09 14:51:45","1","무료대사는왜만든? 생각해봐 뽑으로나와도꽝이고 또 자판글자가 따로따로 진짜. 누가 이딴아이디어로 정함?? 그리고 무료쿠키는 왜처만듬? 미션이 얼태이없어 최초 접속외에는 못얻는데. 이렇게할거면. 왜만듬?? 누가만든거임? 스피드게임을. 예를. 들어 뭐뭐. 있습니다인데. 글자를. 뭐뭐있. 습니다. 이딴식으로. 하면. 누구생각임? 뭐뭐. 있습니다라고. 생각하지. 뭐뭐있 습니다면 틀린다고. 초를 깍는데. 뭔생각으로. 이딴식해? 차라리 그냥 우리가 자판 쓰는게. 쳐 낫겠다 또. 성공해도 꽝만나오고. 네이버스피드게임 제안시간안에 하면치킨기모티콘과쿠키 와르르무슨 거짓광고하냐 웃기고 있네","부정","0","1"
"2026-01-09 14:46:59","2","쿠키 결제 단위가 왜 이래요?? 그냥 하나당 120원해서 마음대로 조정할 수 있게 하면 좋을텐데. 미리보기가 평균적으로 3개니까 최소단위를 3개로 하든지.. 1개를 3번 결제해야 해서 너무 불편해요. 네이버 앱 아니라면서 지문인식 결제도 안되고. 원클릭 결제같은 거 도입할 기술이 없는 것도 아닐텐데요..","부정","0","2"
"2026-01-09 13:57:44","1","네이버웹툰 앱에서 결제와 네이버로 들어가 결제가 왜 동일하지 않죠? 왜 다른가요","부정","0","0"
"2026-01-09 12:45:50","5","재미가 있어","긍정","0","0"
"2026-01-09 11:30:12","3","작품이나 유저 차단할 수 있게 해주면 좋겠음.","중립","0","0"
"2026-01-09 07:37:06","5","좋라요","긍정","0","0"
"2026-01-09 03:29:35","5","재미있는 웹툰이 많아요","긍정","2","0"
"2026-01-09 01:51:44","5","자신이 관심 웹툰한 작품들 중에서 ,연재중, 휴재중, 완결, 유료예정일 정해진 작품 등 이런거 분류되는 버튼같은거 만들어주시면 좋겠어요. 보는 작품이 많아서 하나하나 확인하기도 번거롭고 묵혀두다가 놓쳐서 유료화되는게 많아서 아쉬워요","긍정","0","0"
"2026-01-08 23:09:10","5","굳","긍정","0","0"
"2026-01-08 17:56:25","5","화이팅","긍정","0","0"
"2026-01-08 16:41:08","1","구글플레이 포인트로 쿠키 구매했는데 네이버웹툰 들어가니 쿠키가 안들어옴...20개,5개,3개 이렇게 세번이나 구매했는데 세번다 안들어옴..ㅡㅡ","부정","0","0"
"2026-01-08 14:18:37","1","아니 인터넷 상태 원활한데 왜 웹툰 로딩이 안됨? 계속 데이터 onoff 반복하니까 겨우되노","부정","0","0"
"2026-01-08 09:51:37","5","불편한 점 문의하니 기분탓인지 모르겠지만 바로 수정 해 준 느낌입니다. 빠른 피드백 좋아요.","긍정","2","2"
"2026-01-08 08:14:06","5","고마운 만화들 만나게해준 고마운친구","긍정","0","0"
"2026-01-08 01:02:03","4","다 좋아요 근데 해외사는 사람들은 한국 번호 없어서 로그인을 못해요... ㅜ 그거 빼고는 다 좋아요!","긍정","2","0"
"2026-01-07 14:19:01","1","서버좀 제발 고쳐라고","부정","0","0"
"2026-01-07 11:38:36","1","이전 버전이 더 낫네요 ㅎ","부정","0","0"
"2026-01-07 10:51:58","4","제발 화면캡쳐좀 되게해주세요 사진을 저장하고 싶습니다 부탁드립니다","긍정","0","0"
"2026-01-07 10:12:34","4","굿","긍정","0","0"
"2026-01-07 08:34:37","5","항상 고맙게 잘보고 있습니다","긍정","0","0"
"2026-01-07 06:29:04","1","거의 무한로딩 최근에 갑자기 로딩이 안됨","부정","0","0"
"2026-01-07 06:15:53","1","작가좀 그만 바꾸면 안되냐","부정","0","0"
"2026-01-07 05:19:13","5","늘 즐거운 네이버 웹툰 ㅎㅎ","긍정","0","0"
"2026-01-07 00:31:08","5","별이다섯개","긍정","0","0"
"2026-01-06 22:54:52","3","남길 수가 없어서 여기 남깁니다 리워드 받으려고 앱다운 받을때 앱다운이아닌 웹사이트로 들어가지는거 절대 하지마세요 브라우저 이탈후 재접속시 리워드 안줍니다 나갔다 들어오면 리워드 못받아요 시간 다날리고 유의사항보니 써있네요","중립","0","0"
"2026-01-06 22:43:25","4","무료로 웹툰을 볼 수 있는게 좋지만, 쿠키는 돈을 써야한다는게 아쉽네요ㅠㅠ","긍정","0","0"
"2026-01-06 15:04:40","5","와 정말 조와유","긍정","0","0"
"2026-01-06 14:27:39","5","화산귀환 엔제 연재합니까","긍정","0","0"
"2026-01-06 14:13:45","4","광고너무많아용 구와악","긍정","0","1"
"2026-01-06 13:37:27","5","하루에 한 회 무료로 볼 수 있어서 좋아요","긍정","2","0"
"2026-01-06 13:27:26","5","좋아요","긍정","2","0"
"2026-01-06 12:35:51","3","네이버웹툰 홈화면에서 작품들을 내릴때 스크롤바가 없어서 너무 불편해요 내릴때 너무 오래걸리고 작품을 들어갔다 나와도 들어가기 전 화면이 뜨는건 좋은데 다시 올라가는데에 한세월이에요 스크롤바 만들어주심 감사하겠습니다","중립","1","2"
"2026-01-06 09:01:12","5","네이버 웹툰 화이팅","긍정","0","0"
"2026-01-06 04:15:01","5","하루에 다섯개씩 광고로 완결작 볼 수 있게 해주는건 정말 좋은 서비스인듯","긍정","0","1"
"2026-01-06 02:56:03","5","웹툰은 전용어플에서 보면 참 좋아요~~~~","긍정","2","0"
"2026-01-06 00:12:17","5","좋아요","긍정","2","0"
"2026-01-05 19:36:29","1","웹툰 찾는 방식이 팝업 광고 웹툰/ 배너 광고 웹툰 / 최근 본 내역 연관 웹툰 / 별점 / 조회수 / 인기 / 남성 / 여성 / 업데이트 이딴 방식들 뿐임. 네이버 웹툰 부서에 마케팅이나 UX 담당은 일 안 합니까? 계속 광고 쳐 때린다고 그게 광고에 효과적인 게 아닙니다. 한 놈만 걸려라식으로 통발형 광고를 뿌려댄다고 볼거였으면 커뮤니티에 돈 주고 댓글 알바 쓰는 게 낫지. 어차피 웹툰은 추가되는 대부분이 스튜디오에서 제작하는 양산형 웹소설 기반 웹툰들이 대부분인데 그것들만 계속 주구장창 광고하니까. 그래도 뭔가를 찾아보겠다고 하면 요일별로 본인이 내리면서 찾아야함. 전체목록 보면 그것도 중구난방임. 학창시절에 이름순이나 번호순으로 불리던 거에 컴플렉스있는 사람이 만들었는지 단순한 가나다, 카테고리 정렬도 없다는 게 진짜 심각하다.","부정","0","2"
"2026-01-05 16:59:11","5","내 지친 일상의 유일한 낙","긍정","0","0"
"2026-01-05 14:13:03","1","보고싶어도 안떠서 못본다고 이거 해결좀 해달라고","부정","0","0"
"2026-01-05 13:26:57","1","얼마 전부터 계속 인터넷 멀쩡한데도 로딩이 안 되는 버그가 뜨네요","부정","0","2"
"2026-01-05 10:49:48","5","계백순 개귀엽다","긍정","0","0"
"2026-01-05 08:44:42","5","네이버 없으면 죽음뿐","긍정","0","0"
"2026-01-05 08:41:30","5","이거 무조건 깔으셈!","긍정","0","0"
"2026-01-05 08:35:20","5","저는 불만 하나 없습니다. 추신: 네이버 20주년 축하드려요~!💝","긍정","0","0"
"2026-01-05 08:11:05","3","자동스크롤 기능이 없어서 불편하네요","부정","0","2"
"2026-01-04 12:46:23","5","도파민 폭발","긍정","0","0"
"2026-01-04 12:22:46","4","행복해요 사랑해요 진짜 웹툰 없음 못 살아요 수업시간에도 보고 걍 안 볼땨가 없어요 웹툰은 제인생의 전부에요 근데 캡쳐만 좀 고쳐주심 좋겠어요 캡쳐만 하고 이미지 편집이나 올리는건 거기 올리는데 가서 갤러리에서 가져와서 올리는것도 되니까요 그 점만 고쳐주심 진짜 좋을것 같아요","긍정","0","0"
"2026-01-04 05:08:18","5","인생에 몇 안되는 낙","긍정","0","0"
"2026-01-04 04:25:19","5","잼있게 보고있어요","긍정","0","0"
"2026-01-04 02:15:09","5","다른 웹툰들의 비해 너무 시스템도 좋고 너무 편해요","긍정","0","0"
"2026-01-04 02:03:58","3","관심에 넣어놓으면 아직 보기 전에 숫자가 떴는데 왜 안 뜨죠","중립","0","0"
"2026-01-04 00:10:53","5","잼","긍정","0","0"
"2026-01-03 21:40:11","3","서클투서치만 됐어도 네웹에서 봤을텐데 서클투서치가 안돼서 걍 불법사이트 씀 ㅇㅇ . 근데 어차피 웹에서는 캡쳐도 되고 다되는거 왜 앱에서는 캡쳐 서클투서치 다 막아둔거임?","중립","0","0"
"2026-01-03 15:27:06","5","다 좋지만 딱 한가지 이상한 점이 쿠키를 받을 수 있는 이벤트를 했을 때 1~2분 기다리다 다시 쿠키 이벤트를 볼 수 있는 곳으로 돌아오면 이벤트는 미션 완료도 아니고 그냥 사라지더하고요. 그랴서 쿠키를 받지 못 했을 때가 많아요. 그래도 정상적으로 들어올 때도 많고 이벤트도 다양해서 좋습니다.","긍정","1","0"
"2026-01-03 10:49:41","4","제가 소장 구매한 작품이 서비스 종료라며 사라졌는데 그럼 저는 그 작품을 못보는건가요? 그게 말이 되나요? 저는 소장을 했는데?","긍정","0","0"
"2026-01-03 09:04:05","5","갤럭시 s23 울트라인데 자꾸 로딩이뜨네요ㅠ 다른 데이터쓰는 어플들은 다 잘돌아가는데... 쿠키 구워준다구!!! 이미지가 안뜨냐구ㅠ","긍정","0","0"
"2026-01-03 08:36:39","5","내가키운에스급들, 저그런인재아닙니다 무조건 보기","긍정","0","0"
"2026-01-03 08:32:42","5","좋아요","긍정","2","0"
"2026-01-03 07:47:56","4","요즘 버그땜에 버프먹었다가 썸네일 새로 올라온거보고 마음풉니다^^","긍정","0","2"
"2026-01-03 05:51:34","5","와 진짜 개재밌다","긍정","2","0"
"2026-01-03 03:35:42","5","너무너무 재밌어서 새벽 5시까지 보게 되요!","긍정","2","0"
"2026-01-03 02:43:17","5","꿀잼","긍정","3","0"
"2026-01-03 01:05:44","5","완벽","긍정","3","0"
"2026-01-03 00:55:49","5","진짜 넘 좋아요","긍정","2","0"
"2026-01-02 17:50:46","1","별점 주기 불편해 졌음 사용자 적대적 ui임","부정","0","2"
"2026-01-02 14:09:02","1","감자전지로 서버돌리나요? 쿠키구워서 보는데 볼수가없잖아요 요 일주일째 개난리인데 언제고침?","부정","0","0"
"2026-01-02 12:32:20","1","네~안녕하세요 섭입니다 네이버 대표님 정말 그러시면 안되는거죠 어떻게 돈을 내고 쿠키를 사서 웹툰을 볼수있게 만드신거죠? 님 때문에 제 통장이 텅장이 되버렸잖아요~","부정","0","0"
"2026-01-02 11:44:28","5","좋아","긍정","1","0"
"2026-01-02 11:17:29","3","솔직히 재밌는 웹툰많아서 5점주고싶은데, 구매가 아니라 대여라는 점 때문에 3점.","중립","0","0"
"2026-01-02 11:14:06","1","쿠키오븐 이벤트를 진행해도 쿠키가 지급되지 않습니다. 이용문의하면 준다해도 지급받는데 한참 걸리는데다 매번 문의쓰기도 불편해 죽겠습니다.","부정","0","2"
"2026-01-02 10:27:21","5","좋다","긍정","1","0"
"2026-01-02 09:27:13","5","웹툰은 카웹이랑 네웹빼고볼앱이없어서 네웹만보긴하는데 그래도카웹보다좋음","긍정","0","0"
"2026-01-02 08:12:51","5","여기엄청좋아요 외국에서도쉽게읽을수있어요","긍정","2","0"
"2026-01-02 06:54:26","5","재밌어용!! 근데 자동스크롤 기능이 있으면 좋겠네요 나머지는 다 괜찮은 것 같아요 :)","긍정","2","0"
"2026-01-02 03:49:58","5","좋아요","긍정","2","0"
"2026-01-02 03:33:38","5","굿","긍정","0","0"
"2026-01-02 03:01:47","5","재미있는웹툰ㅎ","긍정","2","0"
"2026-01-01 12:32:43","5","쿠키를 안사도 공짜로 얻을수있고 재미있는 웹툰들도 많아서 매우 좋습니다","긍정","3","0"
"2026-01-01 11:30:44","5","너무 좋음","긍정","0","0"
"2026-01-01 11:28:36","5","잘 보고 있습니다 정말 좋아요 그리고 제작자님 새해 복 많이 받으세요^^ 2026년도도 화이팅입니다^^♡","긍정","2","0"
"2026-01-01 09:05:39","4","진짜 거짓말 안하고 솔찍히 말할게요. 밖에서 웹툰을 볼때 데이터가 쫌 많이 달아요.그래서 쫌 별로에요.그리고 진짜 재밌있는 웹툰이 너무 많아서 다보면 시간이 쭉쭉가요. 아 그리고 쿠키 라는게 있거든요.쿠키는 잠금? 을 쿠키로 사서 볼수있어요.지금 이벤트 하고 있어요! 쿠키는 돈으로 사야되요!!!!!!찐짜 추천 함다","긍정","2","1"
"2026-01-01 06:44:15","5","꿀잼","긍정","3","0"
"2026-01-01 06:31:14","5","매일 웹툰보는게 일상이 됄것 같음!! 그림체 개 이쁨..;;","긍정","0","0"
"2026-01-01 05:33:23","5","너무나도 재미있어요","긍정","2","0"
"2026-01-01 03:42:01","4","화산귀환 재밌음.(다른 웹툰들도) 장점:그냥 재밌음.시간이 순삭/ 단점:요즘은 양산형웹툰들이 너무많음.그리고 별점테러하는 사람들이 많음./건의사항:그..작가님들 대우좀 잘해줍시다..","긍정","0","0"
"2026-01-01 02:13:39","5","캐릭터챗에서 자신이 대화했던 모든 캐릭터들의 채팅을 초기화 하면 호감도도 전부 초기화 되게 해주세요.","긍정","0","0"
"2025-12-31 14:25:39","5","신선한 내용도 많고 너무 즐겁게 보고있습니다 25년도 고생하셨고 26년에도 기대 하겠습니다..","긍정","0","0"
"2025-12-31 12:51:20","1","캡쳐 버튼 너무 불편해요.. 너무 예뻐서 그 장면만 저장하고 싶었던 건데 저장까지 뭔 버튼이 그렇게 많은지 몰입 다 끊겨요. 차라리 타사 가서 웹툰 보는 게 더 편할 것 같아요. 꼭 고려해서 개선해주시면 좋겠습니다. 캡쳐 버튼은 캡쳐만 기능하는 게 맞습니다","부정","2","2"
"2025-12-31 12:14:55","5","이번 년도 연말결산 없나요","긍정","0","0"
"2025-12-31 11:11:24","5","저어어어ㅓㅇ마루좋습니다!!!!!!","긍정","1","0"
"2025-12-31 07:24:58","3","포인트30 으로 쿠키 3개 샀는데 몇시간째 안들어오네요","중립","0","0"
"2025-12-31 07:08:34","5","폰이 비명횡사하는 바람에 그동안 앱 사용을 할수가 없어서 컴퓨터를 통해 네이버 웹툰을 사용했더니 나쁘지는 않지만 컴퓨터로는 대여해보고 싶어도 대여해볼 수 없는 완결된 작품들과 아예 대여하는 것으로 보게 해 놓은 것들이 수두룩해서 볼 수가 없는 것들은 그냥 포기했었는데요. 다행히 폰을 장만해서 간만에 네이버 웹툰앱을 사용하니까 대여해 보는 것이 막히는 일이 없으니까 너무 좋군요. 뭐 언젠가는 컴퓨터를 통해서도 대여해보는 서비스가 가능해졌으면 하지만 기약이 없는 것은 일단 그렇다치고 그래도 다시금 폰을 통해서 네웹 앱을 사용하니까 덕분에 그동안 밀렸던 작품들을 여한없이 감사히 보네요~~♡ 그러면 네이버 웹툰 관계자 님들 감사드려요♡","긍정","1","0"
"2025-12-31 00:21:50","5","재미있게 잘 보고 있습니다","긍정","2","0"
"2025-12-30 22:54:27","5","굿","긍정","0","0"
"2025-12-30 18:04:23","1","종종 들어갈 때 로딩이 안되는 경우가 많네요 계속 기다려도 썸네일이 안뜨고 웹툰 회차 들어가도 로딩화면만 계속 뜨고... 제 네트워크 문제인가 싶어서 껏다가 켜보고 다른 네트워크 쓰는 앱들도 들어가봤는데 다 잘되면 이 앱이 문제인거 같습니다 너무 불편해요","부정","0","2"
"2025-12-30 14:42:28","5","볼 웹툰이 많음","긍정","0","0"
"2025-12-30 13:55:20","3","1. 관심연재작의 업데이트 알림을 무료 최신회차와 미리보기 최신회차 두 개로 분류해줬으면 함. 미리보기 말고 일반회차 알림만 받고싶음 2. 프로필 기능을 온오프할 수 있으면 좋겠음. 오프하면 기존처럼 닉네임이 눌리지 않았으면 하고 또는 프로필을 생성했다면 삭제할 수 있는 기능 추가를 건의함 3. 휴재웹툰의 경우 쉽게 검색하게 '휴재' 태그 추가 4. 좋아요를 누른 회차를 한 곳에 모아서 볼 수 있는 기능이 있거나 쉽게 찾을 수 있게 해당 회차 옆 작은 하트모양을 추가하면 좋겠음 5. 웹툰별 종합평가 가능한 공간 추가 6. 장르별 또는 카테고리별 표시 웹툰 선택 추가 7. 앱내 알림함 추가 8. MY탭 관심웹툰 폴더 생성 기능 추가 9. 연/휴재중 빈번한 작가 교체 문제 해결","긍정","2","0"
"2025-12-30 13:38:26","5","제 폰이 문제일 수도 있지만 요즘들어 네이버웹툰 화면이 와이파이 연결 안되어 있을때 화면처럼 안보이고 표지도 안보이는데 제폰만 문제일지 웹툰자체갸 문제인지 모르겠네요 삭제도 해봤는데도 저래서 글 쓰면서 애기 드립니다 물론 나머지는 전부 다 만족스럽습니다 댓글창 초록색으로 바꾼거 등 만족스럽게 잘 쓰고 있습니다","긍정","0","0"
"2025-12-30 10:52:00","5","아주만족합니다","긍정","0","0"
"2025-12-30 08:59:07","5","👍🏻👍🏻👍🏻👍🏻👍🏻👍🏻👍🏻👍🏻👍🏻👍🏻👍🏻👍🏻👍🏻👍🏻👍🏻👍🏻👍🏻👍🏻👍🏻👍🏻👍🏻👍🏻👍🏻","긍정","0","0"
"2025-12-30 06:21:54","5","너무 재밌어요 굿굿!!","긍정","4","0"
"2025-12-29 19:02:46","5","네트워크 오류래요 계속. 다른 앱은 멀쩡히 되는데 계속 오류나요","긍정","0","2"
"2025-12-29 15:17:16","5","good people","긍정","0","0"
"2025-12-29 13:11:55","1","쿠키구워서 보나 그냥 새로운웹툰 볼려고 하면 서버문제가 생겨서 웹툰이 바로 안나와요","부정","0","0"
"2025-12-29 08:50:09","5","고쳐주세요.담당자님.이거 응답시간 초과라고 하면서 작동이 안되네요.ㅠㅠ","긍정","0","0"
"2025-12-29 06:34:59","5","다 좋은데 임시저장 하고 나서 저장기한만료 표시 없애는 기능 좀 만들어 주세요 ㅠㅜ","긍정","0","0"
"2025-12-28 17:23:54","5","평가 보는데, 능지처참 초딩들 왤케 많냐;;","긍정","0","0"
"2025-12-28 14:48:50","5","우리나라 최고 웹툰","긍정","3","0"
"2025-12-28 10:43:26","5","다 좋아요","긍정","2","0"
"2025-12-28 08:33:22","5","로맨스 웹툰 추천 : 전력고백,작전명 순정,연애리뷰,양아치의 첫사랑,꿈에서 현실로 등등","긍정","2","0"
"2025-12-28 04:50:15","5","어디서든 즐기기 편해요~","긍정","0","0"
"2025-12-27 19:35:30","2","광고가 많고 원하지 않는 작품 더 이상 안보게 해주는 기능이 없음!!!","부정","0","1"
"2025-12-27 16:26:51","5","최고👍👍","긍정","3","0"
"2025-12-27 14:24:39","5","너무 좋아요 좋아하는 웹툰을 볼 수도 있고! 근데 쿠키가 넘 비싸요ㅠ","긍정","2","0"
"2025-12-27 11:51:28","5","시간제나 몇몇웹툰은 캡쳐(개인소장용도!!)가 안되는게 아쉽습니다 아이폰은 가능하던데 갤럭시는 안되는게 너무 슬펐어요!!!ㅠㅠ 제 초절정미남들을 제 갤러리에다 소장하고싶은데 전 못하고!!!!제 주변 아이폰쓰는애들만 되고..!너무 슬퍼요 뭐 또 해결할려고 네이버에다 치면 뉴토끼로 하던가 불법으로 하는거 밖에 안나와요.. 전 글케 하긴 싫어서 안했는데 어쨋든 갤럭시도 되게 해주세요!!","긍정","0","0"
"2025-12-27 10:29:47","4","다 좋은데 사용자 프로필에 보고있는작품 편집은 안되나요? 최근에 많이 보는건 별로 안뜨고 죄다 재미없어서 보다 만것들만 뜨는데","긍정","0","3"
"2025-12-27 09:52:20","1","공주님 학교 가신다 뭔가요? 군인 무시 하는 건가요? 군대를 뭐 때문에 갔는데 이런 웹툰을 봐야함?","부정","0","0"
"2025-12-27 09:18:51","4","왜 ""내 댓글 찾기"" 기능은 이 악물고 안넣냐 ㅋ? 일부러 그러냐 ㅋ? 10년도 더 전부터 넣어달란 말 있었을텐데 ㅋ?","긍정","0","0"
"2025-12-27 05:37:05","4","웹툰이 재밌기는 하지만 중간에 끊기고 계속 보려면 쿠키를 사야하는게 너무 아쉬워요 ㅠㅠ","긍정","0","0"
"2025-12-27 03:23:50","2","갑자기 로그아웃이 돼서 당황스럽고요 저만그러는거같긴한데 댓글작성한것도 없어지고,마이에서 웹툰에 보다가 삭제한것도 생겼네요. 잠겨있는거 로그인해야해요ㅠㅠ 계정이 달라질것같아서 걱정이네요.","부정","0","0"
"2025-12-27 02:42:17","5","작전명순정 땜에 넘 좋은듯","긍정","0","0"
"2025-12-27 02:04:31","1","앱을 키고 처음 나오는 광고화면에서 안넘어가요..","부정","0","1"
"2025-12-26 22:18:03","3","웹툰은 재밌는데 회원가입할때 문자가 자꾸 안와요..이메일도 확인해도 안오고요 가입하기 쉽진 않네요..","중립","0","0"
"2025-12-26 13:58:14","1","요새 왜이런건가요 서버가 불안정해서 웹툰 볼수가 없는데 해킹당했나요? 서버 불탔나요? 투자를 안하는건가요?","부정","0","0"
"2025-12-26 12:19:49","5","재미있음...항상 웹페이지로 웹툰봤는데 네이버웹툰도괜찮네요","긍정","2","0"
"2025-12-26 04:43:47","5","굿","긍정","0","0"
"2025-12-26 04:21:15","3","수능 끝나고 오랜만에 들어왔는데 요즘 작품들을 보면 스토리보다는 자극적인 내용에만 집중한 듯한 상업적 웹툰이 너무 많아진 느낌이라 아쉽습니다. 개인적으로 베도 빨간 물고기라는 작품을 좋아하는데 그런 작품은 정식 연재가 안되어있고,스토리는 엉망진창이지만 그림체가 예쁘다던가 자극적인 내용인 웹툰이 정식연재가 되는 것 같아서 마음이 아플 따름입니다.. 상업적인 것도 너무 중요하지만 그것에만 너무 치우치지 않고 진짜 작품성도 봐주셨으면 좋겠습니다. 네이버 웹툰의 지향점이 이런 모습은 아닐거라고 생각합니다. 진짜 진심으로 현재 정식연재되는 웹툰이나 베스트 도전에만 그치는 작품들을 제대로 봐주셨으면 좋겠습니다.","중립","1","0"
"2025-12-26 03:38:22","5","68.세 웹툰에.눈뜨다","긍정","0","0"
"2025-12-26 03:26:09","3","마이 가 안됩니다","중립","0","0"
"2025-12-26 00:02:02","5","잘 보고있어요","긍정","0","0"
"2025-12-25 16:57:47","4","오른 손잡이가 월등히 많은데 별점 주기를 왼쪽으로 바꾼 이유가 있나요? 너무 불편하네요","긍정","0","2"
"2025-12-25 16:02:51","5","굿","긍정","0","0"
"2025-12-25 15:52:05","5","잼있당","긍정","0","0"
"2025-12-25 15:34:52","3","짱좋아요","긍정","2","0"
"2025-12-25 15:06:39","4","2025 네웹결산 왜안줘용..,","긍정","0","0"
"2025-12-25 14:07:00","5","굿","긍정","0","0"
"2025-12-25 13:46:55","5","👍","긍정","0","0"
"2025-12-25 10:45:39","5","다좋고 재미있고 특히( 스터디그룹)이 제일제미있었음니다 근데 가끔쿠키도 무료로주셨으면좋겠네요","긍정","2","0"
"2025-12-25 08:10:13","5","더 복서 꼭 보렴","긍정","0","0"
"2025-12-25 00:56:00","5","사용자를 위한 운영방식좋아요~~","긍정","2","0"
"2025-12-24 16:38:24","5","굿","긍정","0","0"
"2025-12-24 15:38:17","5","너무 재밌어요!","긍정","4","0"
"2025-12-24 13:46:05","5","항상 재미있게 보고있어요","긍정","2","0"
"2025-12-24 13:36:30","5","설명이 필요한가","긍정","0","0"
"2025-12-24 13:21:00","2","사용하기 불편하고 태그 차단 같은 기본적인 기능도 없음","부정","0","2"
"2025-12-24 13:20:40","5","차수인 개잘생김 👍","긍정","0","0"
"2025-12-24 12:38:02","5","👍","긍정","0","0"
"2025-12-24 10:22:46","1","기가와이파이 쓰고 있고 다른 앱은 문제가 하나도 없는데 네이버웹툰 어플만 렉걸리고 느립니다 자동으로 꺼질때도 있구요","부정","0","0"
"2025-12-24 05:33:48","1","이전에는 보던 웹툰을 바로 이어볼 수 있었는데 이제는 어플 실행시 광고가 먼저 뜨고 메인 화면이 나옴. 보던 웹툰을 이어 보려면 my로 들어가서 해당 웹툰의 '이어보기'를 눌러야 하는데 정말 번거로움.","부정","0","1"
"2025-12-23 22:35:57","3","배터리 잡아 먹는 괴물입니다;; s25 플러스 기준 배터리가 줄줄 녹아내리니요 어느 업데이트 기점 부터인지 모르겠으나 유튜브 보다 배터리 사용량이 더 많이 잡아먹습니다. 개선이 필요해보이네요; 웹툰 이미지 로딩속도는 예전보다 월등히 빨라 졌으나 전력 사용랑이...","중립","0","0"
"2025-12-23 15:34:44","1","광고는 똑바로 만들던가 자꾸 검은화면뜨고 시간 안지나가고 스킵도 못하고 이럴거면 광고하지마","부정","0","1"
"2025-12-23 15:00:43","5","업데이트하고 적응하는데 좀 시간이 걸리긴했지만 그래도 보기편하고 다양한 장르가 있어서 만화는 네이버에서만 봅니다!! 화이팅!","긍정","0","0"
"2025-12-23 13:50:05","5","좋아요!","긍정","2","0"
"2025-12-23 13:40:34","5","pc 사용이 좀 불변","긍정","0","0"
"2025-12-23 12:03:13","3","1달1년치요금내고 무제한으로 완결웹툰 연재웹툰 볼수있는 프리미엄 서비스 출시해주 셨으면좋겠어요","중립","0","0"
"2025-12-23 11:06:55","5","아주 재미있으면서 스토리도 잘 잔 것 같아","긍정","2","0"
"2025-12-23 05:56:18","1","댓글 차단 기능 좀 개편해 주세요. 왜 차단을 해도 닉네임이 그대로 보이나요? 이걸 차단이라고 할 수 있나요? 차단을 하면 흔적도 없이 안 보이게 해주세요.","부정","0","0"
"2025-12-23 00:08:22","5","앙 기모띠","긍정","0","0"
"2025-12-22 15:04:53","1","아니 쿠키 얻으려고 다했는데 아애 안주는던뭐냐? 문의도해봤는데 답장이없던데ㅎ","부정","0","0"
"2025-12-22 10:29:02","5","별이삼샵 존잼","긍정","3","0"
"2025-12-22 07:22:00","5","잘쓰고있습니다","긍정","0","0"
"2025-12-22 03:01:56","5","goat","긍정","0","0"
"2025-12-22 02:53:20","5","안녕하세요.네이버웹툰 1년차 사용자입니다.결론부터 말할게요.자동 스크롤 기능이 추가되면 편리할 것 같습니다.컷이 많은 작품들은 한 화를 보면 팔이 매우 아픕니다. (제발 추가해주세요......)그 점만 빼면 다 좋습니다.감사합니다.","긍정","2","0"
"2025-12-22 00:07:43","5","플레이스토어로 쿠키 5개 구매했는데 받지를 못했어요 수령할 수 있게 도와주세요","긍정","0","0"
"2025-12-21 11:40:41","5","다 재밌고 좋긴한데요 근데 쿠키가 사라지는건 버그인가요아니면 정상인가요.","긍정","0","2"
"2025-12-21 10:39:55","5","다른 로맨스도 만들어주셨으면 좋겠어여 일찍 왔떠염.","긍정","0","0"
"2025-12-21 07:21:17","4","장점:개인적 재밌는 작품이 완전 많음. 댓글 쓰는것도 걍 재밌음. 그리고 유료 웹툰은 하루마다 무료 1~2개 줌. 무료는 시간 되면 풀림. 단점:댓글,답글 쓰는 사람중 이상한 사람이 있음.근데 나는 해보지 않았지만 그사람 댓글,답글 넘 심해서 네웹 본사에 전화해도 잘 해결안된다고 함. 개인적 신고 시스템이 더 좋아지면 좋겠음.","긍정","1","0"
"2025-12-21 05:59:07","5","일잘하는 네웹 이대로 가는거다!!","긍정","0","0"
"2025-12-21 02:13:28","5","여러 웹툰들 돈안들고 보기도 좋고 자신이 좋아하는 장르 골라 보기 좋아서 추천!","긍정","3","0"
"2025-12-21 01:45:08","5","잘 보고 있습니다.","긍정","0","0"
"2025-12-20 20:11:02","5","굿~~!!!","긍정","0","0"
"2025-12-20 10:20:29","4","업데이트 할때마다 별로임...ㅠ 다시 돌려내라.","긍정","0","1"
"2025-12-20 08:23:37","5","많은 요소들로 즐거움을 줘서 고마워요","긍정","0","0"
"2025-12-20 06:53:32","4","다 좋은데 정주행기능 생기면 좋겠어요","긍정","2","0"
"2025-12-20 02:08:55","5","최고","긍정","3","0"
"2025-12-20 02:07:43","4","쿠키 쓰는거 빼고는 무료여서 좋아요","긍정","2","0"
"2025-12-19 07:01:35","5","재밌게 보고있너요","긍정","0","0"
"2025-12-19 02:38:16","5","너무 재미있는 웹툰들이 많네요 공짜라 더 좋노","긍정","2","0"
"2025-12-18 17:19:22","1","아니 마비노기 캐릭터 생성했는데 왜 미션 안깨지는건데. 이거 완전 쓰레기구만","부정","0","0"
"2025-12-18 14:42:15","5","작가님들 건강상 휴재가 많은데 휴재가 더 많아졌으면 좋겠습니다","긍정","0","0"
"2025-12-18 13:11:04","1","짜증나는 팝업 광고좀 줄여주면 좋겠습니다. 돈 내고 보는데 광고까지 뜨면 누가 좋아하겠어요","부정","1","3"
"2025-12-18 10:17:50","1","뒤로가기 누르는데 다음화 쿠키결제 화면 나오는거 언젠가부터 이러던데요 의도된건가요?","부정","0","0"
"2025-12-18 09:58:33","5","정말 멋진 이야기잖아..","긍정","0","0"
"2025-12-18 09:12:28","5","사랑해요.큐리","긍정","0","0"
"2025-12-18 02:53:47","4","네이버 웹툰 좋아요~","긍정","2","0"
"2025-12-17 22:33:43","5","여러모로 불편 없음","긍정","0","2"
"2025-12-17 22:05:24","5","여기있는 웹툰 모든게 재밌어서 계속 보계되네요 5점 남김니다","긍정","2","0"
"2025-12-17 17:11:20","1","광고 팝업이 너무 자주나와요","부정","0","1"
"2025-12-17 14:52:01","5","웹툰 1황 고ㅡ트","긍정","0","0"
"2025-12-17 11:18:36","5","아주 호호호호호~!!","긍정","0","0"
"2025-12-17 09:29:13","5","좋다.","긍정","1","0"
"2025-12-17 08:45:25","4","겟짤검색하게해줘요","긍정","0","0"
"2025-12-17 05:31:21","5","너무 재밌어여ㅓ","긍정","2","0"
"2025-12-17 03:05:11","5","3년정도 보고있는듯.. 잼나네요!","긍정","0","0"
"2025-12-17 01:34:04","5","잼나는 공짜 만화 ! 굿","긍정","0","0"
"2025-12-16 21:47:08","2","갈수록 좀 짜증나고 웹툰들도 보기 싫어짐","부정","0","2"
"2025-12-16 16:44:13","5","정말 진짜 단점이 없음.","긍정","0","0"
"2025-12-16 13:36:07","5","만족스러움","긍정","0","0"
"2025-12-16 13:15:01","3","다 좋은데 관심웹툰 설정한 순서를 편집할 수 있게 해주시면 좋을것 같아요. 그리고 오른쪽에 스크롤 할 수 있는 막대기? 가 얇게 보이면 좋겠습니다 볼때 얼마나 남았는지 필요해서...다 만족되면 5점으로 올리겠습니닷","중립","0","0"
"2025-12-16 12:59:32","1","플레이포인트로 쿠키 결제했는데 왜 안주시죠…","부정","0","0"
"2025-12-16 12:03:14","5","아주 좋아요!","긍정","2","0"
"2025-12-16 05:53:20","5","최고","긍정","3","0"
"2025-12-15 19:33:09","1","운영 똑바로 하세요. 인센티브도 똑바로 지급하시고. 작가가 있어야 운영되는 플랫폼이 몸집 커지니까 작가들이 우스워 보입니까?","부정","0","0"
"2025-12-15 12:55:08","4","쿠키가 없어서 오븐 갔는데 쿠키 지급을 눌렀는데 쿠키지급이 2 번 이나 않 돼서... 문의를 했는데 그것도 않돼서 재밌는을 웹툰 볼려고 했는데 그냥 너무 화나서 지워버림........ 그냥 다시 깔아야 겠다...ㅠㅜ","긍정","0","0"
"2025-12-15 12:16:55","5","너무 재밌습니다ㅜㅠㅠㅠㅠㅜ","긍정","0","0"
"2025-12-15 11:41:19","5","good","긍정","0","0"
"2025-12-15 09:25:11","4","워치에서 쓸수있는 앱이 필요합니다","긍정","0","0"
"2025-12-15 05:08:11","5","굳…!","긍정","0","0"
"2025-12-15 04:17:33","3","자동 스크롤 추가해주세요 Plz!!","중립","0","0"
"2025-12-14 22:33:51","5","좋아요","긍정","2","0"
"2025-12-14 16:06:46","3","재밌게 보고 있는데 왜 성인 작품에 유륜이 없는 건가요? 몰입도가 깨져서 성인용이 재미 없게 느껴져요. ㅠㅠ","긍정","2","0"
"2025-12-14 12:40:35","5","잘보고 있어요","긍정","0","0"
"2025-12-14 11:36:48","5","내 관심사에 맞는 웹툰을 추천해줘서 좋아요","긍정","4","0"
"2025-12-14 09:54:12","1","네이버웹툰 20주년 스피드 게임인가 그거 선물이 다 떨어져서 그런걸지도 모르겠지만 계속 꽝만 뜨네요...","부정","0","0"
"2025-12-14 08:14:17","5","야르","긍정","0","0"
"2025-12-14 08:07:48","5","쉽고 빨라서 좋아요","긍정","2","0"
"2025-12-14 08:07:33","5","재미있어요","긍정","2","0"
"2025-12-14 03:38:51","5","최마루 돌아와!!!!!!!!!!ㅠㅜㅠㅠㅠ","긍정","0","0"
"2025-12-14 02:35:42","1","이미지 오류가 너무 많고 로딩도 너무 느려요","부정","0","2"
"2025-12-14 02:15:38","5","넘 좋아요","긍정","2","0"
"2025-12-14 01:19:10","4","바뀐 댓글 적응이 힘드넹.","긍정","0","0"
"2025-12-13 15:45:20","5","완전 재밌어요","긍정","4","0"
"2025-12-13 14:42:50","5","청명이 내꺼임","긍정","0","0"
"2025-12-13 12:36:35","1","네웹 20주년 이벤트로 무료로 웹툰 풀었다면서 기존거처럼 하나보고 나니 쿠키 내놓으라합니다 에러난가같은데 확인해주세요","부정","0","0"
"2025-12-13 12:27:45","5","하아.. 베이비 폭군..하아..너무 좋아..엔리케,오스카,에스테반...하아..에이단...르네즈미랑 메이블도 존예...","긍정","1","0"
"2025-12-13 12:26:06","5","재밌는 웹툰이 많아 열심히 읽을 수이써어서 기뻐요","긍정","0","0"
"2025-12-13 12:19:47","5","너무 좋아요!","긍정","2","0"
"2025-12-13 11:53:16","1","앱 키자마자 광고 뜨는건 그렇다쳐도 무섭거나 혐오스러운 컷 뜨는 것 좀 그만하세요. 보통 잘 준비하고 누워서 자기 전에 웹툰 보는데 앱 키자마자 놀래는게 한두번이 아님...","부정","0","1"
"2025-12-13 11:18:58","5","좋아여!!☺️","긍정","1","0"
"2025-12-13 11:14:42","5","그저 굳","긍정","0","0"
"2025-12-13 07:15:15","5","아니 ;; 우리 외모지상주의 이렇게 재미없어도 되는건가요.....?!?!??!","긍정","0","2"
"2025-12-13 05:41:59","5","👍","긍정","0","0"
"2025-12-13 03:37:40","5","최애 네이버웹툰..ㅎㅎ","긍정","0","0"
"2025-12-13 03:21:31","5","굿","긍정","0","0"
"2025-12-13 02:54:32","1","화산귀환 보고싶어요.","부정","0","0"
"2025-12-13 01:40:10","5","굿.","긍정","0","0"
"2025-12-12 16:45:35","5","재밌는 웹툰이 많아서 좋습니다.","긍정","1","0"
"2025-12-12 14:58:35","5","너무 재밌게 보고 있습니다. 20주년 ㅊㅋㅊㅋ","긍정","0","0"
"2025-12-12 14:57:25","4","제 쿠키 돌려즈새여.. 아니 오늘 쿠키 미션 2개 받는거릉 3개나 미션완료를 했는데 4개밖에 안들어왔어요 3개는 이미 써서 이제 1개 남았는데 나머지 2개가 안들어와요 아직도","긍정","0","0"
"2025-12-12 13:37:43","5","원하는 편만 볼수있어서 좋아요:)","긍정","2","0"
"2025-12-12 11:41:59","5","화이팅!!","긍정","0","0"
"2025-12-12 09:53:12","4","왜 쿠키 구웠는데 플레이 포인트가 직장용 프로필 쪽으로 가냐 1000원당 구글 플레이 포인트 추가로 얻는 거 하고 쿠키 왕창 질렀는데 이거 어캐 수정함","긍정","0","0"
"2025-12-12 09:15:01","5","너무 좋아요!!","긍정","2","0"
"2025-12-12 06:55:31","1","무슨 백그라운드 갈 때마다 앱이 꺼짐? 앱 켜질 때 광고 띄우는걸로 돈벌어야해서 백그라운드 가면 종료시키는건가?","부정","0","1"
"2025-12-12 06:16:01","5","재미잇는 웹툰이 많아서 좋아요~","긍정","2","0"
"2025-12-12 02:28:01","1","보다가 화면 나가면 왜 재부팅되요?","부정","0","0"
"2025-12-12 01:59:39","4","누구나 볼수있으니 너무 좋지요","긍정","0","0"
"2025-12-11 16:23:35","2","구독으로 주는 무료쿠키는 정상적으로 주는데 앱접속으로 받는 쿠키는 제대로 최초 접속해도 안주는 경우가 있음 몇개월째 이러는데 언제 고침?","부정","0","0"
"2025-12-11 13:46:43","2","전체적으로 좋아요 근데 완결됬다고 다쿠키는 에바다 내가 완결된거 정주행하다 막힘 다볼라면3만원이다 쿠키 없애라","부정","4","0"
"2025-12-11 10:16:10","5","다른 웹툰 앱보다 좋아요","긍정","2","0"
"2025-12-11 08:07:44","4","다 좋은데.. 유튜브처럼 웹툰 관심 없음이나 해당 웹툰 다시는 표시 안 함 버튼이 있었으면 좋겠어요","긍정","0","0"
"2025-12-11 05:03:57","5","💗","긍정","0","0"
"2025-12-11 01:02:35","5","선택의 다양성과 무료로 볼수있는건.. 하루의 시간후에 볼수있는것..넘좋아요.. 종류도 많고.. 재밌는것도 많아요","긍정","2","0"
"2025-12-11 00:03:13","1","...최악이에요 사과를 좀 해주지 불매........ ㅋㅋ... 하........ 눈물나네 다시 깔고 있는 내가 너무 한심함","부정","0","3"
"2025-12-10 23:30:03","5","네이버 웹툰 20주년이길래 어떻게 자축하면 좋을까 하다가 이리로 왔습니다. 제 인생의 블루라이트와 맛소금으로써 현대인의 정신 건장을 챙겨주셔서 정말 정말 감사합니다. 번창하시고 앞으로도 오래 뵈어요.","긍정","1","0"
"2025-12-10 15:15:35","5","구읃","긍정","0","0"
"2025-12-10 14:55:10","3","저 왠만하면 모든 웹툰을 다 잘보고있고,평점도 좋게 나누는 여중생이라고 합니다 근데 이번 신작 목요일 웹툰에 휴먼 웨이러블 이라는 표지가...청소년측으로 봤을때 너무 기괴하고 징그러워서 보기가 진짜 힘들어요.....표지좀 바꿔주셨으면 해요ㅠㅠㅠ무서워요😭😭😭","중립","0","0"
"2025-12-10 10:48:09","1","인터넷 환경 최악. 모든 웹툰 앱 중 가장 인터넷 연결이 구림. 끊김, 버퍼링은 기본이고 심각한 경우 앱을 껐다 켜도 로딩이 끝나지 않음. 다른 웹툰 어플은 안 그럼. 그냥 이 새낀 일을 못함.","부정","0","3"
"2025-12-10 10:47:48","5","좋아요","긍정","2","0"
"2025-12-10 01:45:01","5","웹튠을 무료로 볼수 있는 좋은앱이다","긍정","0","0"
"2025-12-09 13:15:49","1","기존보던기록다초기화 정주행하던것도초기화 이전버전으로바꿔라","부정","2","0"
"2025-12-09 11:19:15","5","좋아요","긍정","2","0"
"2025-12-08 23:24:08","5","제공이 마에듬","긍정","0","0"
"2025-12-08 14:51:44","5","재미있는 웹툰이 많아서 좋아요","긍정","4","0"
"2025-12-08 11:22:28","5","웹툰 너무 잘 보고있고 이번 신작들도 전부 수준이 높네요! 너무 재미있게 잘 보고 있습니다! 앞으로도 더 열심히 네이버 웹툰을 발전시켜 봅시다! 화이팅!!!","긍정","2","0"
"2025-12-08 11:00:31","5","너무 재미있고 좋은거 같아요!!","긍정","2","0"
"2025-12-08 09:52:43","5","응원","긍정","1","0"
"2025-12-08 06:37:06","5","최고","긍정","3","0"
"2025-12-07 22:43:20","4","진짜 네이버웹툰 잘쓰고 있는 유저인데 최근 본과 지금 볼이라는 유용한 기능이있는 데 더 이상 완결이나거나 안보는 웹툰은 X버튼 같은 걸로 지울 수 있으면 더 좋을 것 같아요. 왜냐하면 진짜 볼 려고 하는 웹툰도 찾기 힘들어요. 그런 부분들만 빼면 다 좋아서 아직까지 편하게 쓰고 있습니다^^","긍정","1","0"
"2025-12-07 19:28:52","5","잊고 지내던 추억의 웹툰이 기억났다 아직 여기에 있었다 그것만으로도, 아직 네이버에 가치는 있었다","긍정","0","0"
"2025-12-07 10:55:49","1","웹툰보는중에 앱을 내리면 리프레쉬되는게 너무 불편...점점 불편해지네요","부정","0","2"
"2025-12-07 05:38:29","1","하... 네이버 웹툰에서 작가님이 버신 돈의 약 90%를 회사가 가져간다면서요? 네이버 웹툰 많이 좋아했었는데 좀 충격이네요 불매 운동 할게요","부정","1","0"
"2025-12-07 04:51:38","5","너무 편리 해요","긍정","0","0"
"2025-12-07 04:48:50","5","없으면 안되는것!!항상 열씨미보고있어요 특히 전에봤던거 기준으로 새이야기 올라오면 젤먼저 보이는거 정말 좋은듯합니다","긍정","0","0"
"2025-12-07 04:29:11","5","웹툰 보기에 편안한 UI를 갖추고 있는 것 같아서 좋아요 ㅋㅎㅋㅎ","긍정","2","0"
"2025-12-07 03:46:11","3","쿠키가 없어서 쿠키 오븐 들어가서 할 거 없나 하고 찾아보고 있는데 마비노기 모바일에서 최초로 캐릭터 생성하면 쿠키 40개 준다길래 참여하기 누르고 1시간 동안 캐릭터 겨우 생성했는데 네이버 웹툰 들어와 보니까 쿠키 지급이 안 되어 있었음. 그래서 문의하려고 사진도 업로드하고 이유도 적었는데 그래도 쿠키 지급이 안 됐음.여러분은 이런거 조심하세용","중립","0","0"
"2025-12-07 01:37:44","5","재밌게 보고 있습니다. 감사합니다!","긍정","1","0"
"2025-12-06 23:54:09","5","여러작가들의 작품 즐겁게 잘보고있어요 K툰 승하라!","긍정","0","0"
"2025-12-06 22:44:42","5","구뜨!","긍정","0","0"
"2025-12-06 18:13:38","4","앱 기능 자체만 말하면 낫배드? 다른 웹툰 앱들은 캡쳐할 때 캡쳐 개수를 제한하거나 캡쳐하기 불편하게 만들어져있는데, 전체도 캡쳐하기 편하게끔 기능이 만들어져있어서 ㄹㅇ 가장 만족스러움. 댓 업뎃한 이후로 좋아요 시간 제한이나 개수 제한 없어진 게 너무 좋음. 댓글 기능에 스포 방지 기능, 회차마다 어느정도 봤는지 표시(덜 읽은 회차 누르면 거기로 이동하게 되는) 기능 같은 거 있으면 좋을 듯. 가끔 캡쳐를 했는데 마지막에 캡쳐 미리보기? 화면에 아무것도 안뜨고 캡쳐 안 한 것처럼 갤러리에도 안뜨는 버그가 가끔 있고, 댓 다려고 보면 이름이 null(null)이라고 나와있지만 정작 댓 달면 원래대로 돌아오는 버그가 진짜 가끔씩 나오긴 하지만 별로 큰 버그가 아니라서 걍 보는 중. 웹사이트에서는 쿠키 하나에 100원인데 앱에서는 120원인 게 살짝 의문스러움 쿠키 충전할 때마다 웹사이트 들어가기 귀찮은데 걍 앱에서도 100원으로 통일해줬으면.. 하는 작은 바람이 있을 뿐임.","긍정","2","5"
"2025-12-06 15:39:44","5","굿","긍정","0","0"
"2025-12-06 11:11:58","5","👍","긍정","0","0"
"2025-12-06 09:18:17","5","굳!! 근데 중혁독자도 캐릭터챗에 넣어주세요ㅠㅠ","긍정","0","0"
"2025-12-06 05:54:33","5","여긴 웹툰 시티","긍정","0","0"
"2025-12-06 03:42:40","5","마루는 강쥐 추천 우리 아가가 너무 잘봄 추천","긍정","2","0"
"2025-12-06 02:17:11","1","광고 ID는 만 14세 미만만 받을 수 있다그러고 광고 ID 없으면 무료쿠키 못받는다그러고 어쩌라는건지 모르겟음 앞으로 굳이 사서보진않을듯","부정","0","1"
"2025-12-06 01:45:20","5","너무좋고 잘보겠습니다","긍정","0","0"
"2025-12-05 22:55:38","5","웹툰없는 세상은 너무슬퍼","긍정","0","0"
"2025-12-05 17:21:35","1","좋은 웹툰은 100에 1개뿐 나머지는 못봐주겠다 박태준 퇴출 시켜라. 호형 연중 시키거나 출하 시켜라","부정","0","0"
"2025-12-05 15:22:27","1","오늘 밤 무료 차라는데 네이버 웹툰은 시간과 밤을 구분 못하는 빡대가리네요, 무슨 새벽에 열려요. 분발해라 하..무슨 새벽 1~2시에 열리는거 실화..?","부정","0","0"
"2025-12-05 12:38:01","5","너무 재밌어요!!","긍정","4","0"
"2025-12-05 12:03:32","5","시간이 가는중도 모름","긍정","0","0"
"2025-12-05 09:30:34","5","웹툰 보고 진짜 재밌었어요 ㅎㅎ","긍정","0","0"
"2025-12-05 09:20:14","5","아 ㅠㅠ너무 재밌어요 만화 보고싶을때 자주오는데 요즘게임보다 이걸 많이쓰네용 ㅠ","긍정","4","0"
"2025-12-05 03:03:39","5","잘하자...성별갈등같은거 또 터뜨리지말고..","긍정","0","0"
"2025-12-05 02:16:54","5","굿","긍정","0","0"
"2025-12-05 01:58:35","5","굳","긍정","0","0"
"2025-12-04 11:13:05","1","웹으로 산 미리보기를 어플 깔아야만 모바일로 볼 수 있음. 웹 으로 볼 수 없으면 구매를 막든지?","부정","0","0"
"2025-12-04 08:22:39","5","흥미롭네요","긍정","0","0"
"2025-12-04 07:22:22","5","👍👍","긍정","0","0"
"2025-12-04 06:36:35","5","굿 ㅡ.ㅡ","긍정","0","0"
"2025-12-04 00:53:52","5","웹툰 무료로 보여주는데 광고를 도배하는것도 아니고 이만하면 완전 개꿀!엄지척! 웹툰을 맘껏 볼 수 있다는게 제일 장점","긍정","0","1"
"2025-12-03 23:19:20","5","웹툰보는데 좋아요","긍정","2","0"
"2025-12-03 20:03:02","1","업데이트후 부터 홈갓다가 돌아오면 광고뜨고 읽던거 리셋되서 겁나짜증나네","부정","0","3"
"2025-12-03 14:30:28","5","굳굳","긍정","0","0"
"2025-12-03 11:17:44","5","갤럭시 워치용 시리즈나 웹툰 앱좀ㅈㅂ 너무 필요해요","긍정","0","0"
"2025-12-03 09:07:15","1","2.37.0버전부터 화면 비율이 이상하게 나옵니다 갤럭시 폴드7 사용중인데 이전버전까진 괜찮다가 11월에 올라온 버전으로 업데이트 한 후부터 웹툰 회차 볼 때 양 옆으로 빈 여백이 생기고 화면에 꽉차게 안나옵니다 수정부탁드려요","부정","0","0"
"2025-12-03 06:57:41","1","미리보기 버그 때문에 나온지도 모르다가 스포 당하고 알게됨 제발 미리보기 버그 좀 고쳐라","부정","0","2"
"2025-12-03 04:10:44","5","너무 좋음","긍정","0","0"
"2025-12-02 23:23:31","5","정말 재밌는 왭툰 많아요!!","긍정","0","0"
"2025-12-02 11:47:21","5","최고에요 더이상의 설명은 생략한다","긍정","3","0"
"2025-12-02 10:54:18","5","좋아용","긍정","1","0"
"2025-12-02 09:46:18","1","미션으로 쿠키 얻을려는데 쿠키 지급을 안해줘서 문의를 했더니 광고주가 안된다 이러네요 미션을 해도 안줄거면 왜 이 시스템을 만든건지 이해가 안되네요;","부정","0","1"
"2025-12-02 04:02:12","5","월간 이용권 이런것도 있었음 좋겠어용ㅎㅎ","긍정","0","0"
"2025-12-02 03:51:01","1","이 싸갈 네웹아 작가 그만 갈아치워 ㅇㅇ 앱은 좋아 근데 이상한 애들 안센티브 삭감시키지 말고 작가좀 그만 갈아치우고 무료쿠키도 좀 더 주고 하라니까? 쿠키 굽는 시스템 좋았는데 그거 새로운 쿠키 출시해봐 쿠키좀 구워보게","부정","1","0"
"2025-12-02 02:44:36","5","사랑해요.네이버 웹툰 항상 진짜진짜 재미있게 잘보고있습니다.항상 응원할게요.^^","긍정","3","0"
"2025-12-02 02:36:53","5","옛날 추억 만화들이 있어서 좋아합니다. 지난 고전 만화들은 무료화하시면 어떨지요. 잘안보는 만화들은 무료화 한다면 클릭하는 유저들도 많이 모이지 안을까합니다. 부뷰 무료는 많은데 전편 무료는 없는게 아쉽기는 합니다. 전편 무료 진행 부탁드립니다.","긍정","1","0"
"2025-12-02 02:16:28","5","재밌게 잘 보고 있습니다!","긍정","0","0"
"2025-12-02 01:19:53","5","잘봄","긍정","0","0"
"2025-12-01 16:31:42","1","제발 부탁이니 잠깐 호기심에 한 화 봤던 작품들 썩어 문드러질 때 까지 알아서 딱에 노출되는 상황 어떻게 안될까요. 제외하기 기능좀 추가해주세요 제발... 웹툰 차단기능 있길 간절히 바랍니다.","부정","0","0"
"2025-12-01 14:06:40","5","좋음ㅁ","긍정","0","0"
"2025-12-01 12:11:59","5","정말 재미있고 다양한 웹툰을 볼수있다는게 너무 좋습니다. 친구의 추천으로 깔았는데 기대이상으로 좋아서 5점 드립니다.","긍정","6","0"
"2025-12-01 12:03:13","4","알림 온 거 따로 볼 수 있는 기능 좀 만들어 주세요. 알림 누르면 자꾸 메인 홈으로 들어가져서 볼 수가 없어요. 찾는데도 한참 걸리거나 뭐였는지 몰라서 못 찾으니 짜증 납니다.","긍정","0","2"
"2025-12-01 11:21:54","1","완결 페이지 롤백 시켜라. 이상한 숏폼도 치워라. 아니면 베도를 치우던다. 배보다 배꼽이 더 크다.","부정","0","0"
"2025-12-01 11:05:56","5","굿","긍정","0","0"
"2025-11-30 21:25:40","5","magnification","긍정","0","0"
"2025-11-30 14:05:00","5","위탁가족 보는데 왠지 뭉클해요 ㅜㅜ쭉 볼려고 생각중이에요","긍정","0","0"
"2025-11-30 10:41:48","5","안녕하세요 웹툰 좋아하는 14남자 입니다 제가 좋아하는 스릴러 장르가 많고 회차가 무료로 열리는 보상과 이벤트가 정말 좋다고 생각합니다 감사합니다!","긍정","3","0"
"2025-11-30 10:12:06","1","무료쿠키 시스템 개선이 없음","부정","0","0"
"2025-11-30 08:26:18","1","저만 그런 건지 모르겠지만 무료쿠키 미션 완료해도 쿠키 안들어오고 문의해도 안들어옴..","부정","0","0"
"2025-11-30 06:02:50","5","개지림","긍정","0","0"
"2025-11-30 04:48:45","1","호환성이 떨어져서 외국단말기에서 안열리거나 로그인이 안됨","부정","0","0"
"2025-11-30 04:38:21","4","좋아용","긍정","1","0"
"2025-11-29 23:17:51","5","작품도 많고 좋습니다","긍정","1","0"
"2025-11-29 22:19:52","4","미리보기 할 때 대여만 가능하고 소장하려면 네이버시리즈 따로 깔아야함 약간 상술로 느껴짐","긍정","0","0"
"2025-11-29 14:20:13","5","쇼핑참여 왜 안떠여?? 계속 참여했는데 요즘 아예 안 떠요 오류일까요.. 여기 통해서 구매하고 쿠키 받아서 잘 쓰고 있었는데..쿠팡........","긍정","0","2"
"2025-11-29 12:49:09","4","웹툰 엡중에선 좋습니다 최고에요 수고하세요","긍정","4","0"
"2025-11-29 11:59:51","5","역시 네이버","긍정","0","0"
"2025-11-29 10:36:45","5","쪼아용","긍정","0","0"
"2025-11-29 10:33:29","4","쇼츠는 쫌....","긍정","0","0"
"2025-11-29 07:12:16","5","웹툰앱중 1위!","긍정","0","0"
"2025-11-29 07:08:50","5","작가들 재밌는 작품들 많네요","긍정","0","0"
"2025-11-29 04:41:23","4","안녕하세용^^ 1년째 쓰고 있는 유저인데요 일단 장점부터 말하게습니다^^ 장점1:버그가 생각보다 없어서 좋다 장점2:추천웹툰이 대대로 너무 재밌당^^ 단점.. 단점1:웹툰을 올리려 할때 어디서 올리는지 너무 복잡해서 못 찾아서요.. 그럴때 차라리 계정 밑에 '웹툰 만들기+' 이 버튼을 만드는게 어떨지.. 의견 줍니다.. (강요 ㄴㄴ) 이거 말고는 없는거 같습이다 이거 강추합니다~~~^^ (참고로 저 모바일이라서..^^)","긍정","6","2"
"2025-11-29 03:59:53","5","너무좋아요 낙으로 삽니다","긍정","2","0"
"2025-11-28 10:54:48","5","다양한 웹툰이 많아서 볼 거리가 다양합니다","긍정","0","0"
"2025-11-28 10:54:40","1","지혼자 쳐 확대 되는 것 좀 고쳐라 불편해 죽겠네","부정","0","2"
"2025-11-28 07:27:45","5","네이버웹툰 최고!","긍정","3","0"
"2025-11-27 15:28:36","1","팝업이 왜뜨냐자꾸","부정","0","0"
"2025-11-27 14:34:23","5","무료가 있어서 너무너무 좋은데 유료인건 저같은 학생들에게는 조금 부담이라고 느껴져요 돈을 막 써야하는건 아니지만 어쨌든 돈을 써야지만 볼수있는게 있어서 좀 아쉬워요 제가 로그인도 폰이 제 계정이 아니라서 못 하거든요 그래도 폰 바꿀때마다 1등으로 까는게 네이버 웹툰이에요 저는 벌써 5년 정도 사용하고있어요 저는 제가 단점을 보완한다면 완결되서 돈주고 봐야하는 유료인 웹툰들을 한달이나 두달에 한번 일주일동안 무료로 볼수있게 하는것도 좋을것같아요 그러면 조금더 많이 사용할것갔습니다 너무너무 네이버 웹툰 사랑해용!!","긍정","0","0"
"2025-11-27 13:50:41","5","너무좋아요","긍정","2","0"
"2025-11-27 08:51:58","5","좋아요.","긍정","2","0"
"2025-11-27 08:48:53","5","이거 때문에 인생 살고있다","긍정","0","0"
"2025-11-27 02:47:41","5","시간 가는줄 몰라요","긍정","0","0"
"2025-11-27 01:05:10","5","항상 재밌게 보고있어요","긍정","0","0"
"2025-11-26 14:34:59","1","무료쿠키 미션을했는데 안주네요.....","부정","0","0"
"2025-11-26 12:54:12","5","내가 좋아하는 웹툰을 볼수 있어서 너무 좋아요!!","긍정","2","0"
"2025-11-25 23:39:05","5","과거에 보았던 현재를보던 모두추억이 되네요","긍정","0","0"
"2025-11-25 15:18:07","5","좋은 웹툰 보게 해주셔서 감사해요!","긍정","1","0"
"2025-11-25 14:11:29","5","재밋게 잘 보고 있어요 보기도 편하네요","긍정","0","0"
"2025-11-25 11:20:50","5","이 앱에서 웹툰 평점만으로 보는 사람이 없었으면 좋겠습니다. 악의적으로 댓글 테러 평점 테러를 하는 사람이 있기에 하는 말입니다. 특히 댓글 테러 내용과 상관 없어보이는 건 강제로 삭제 해줬음 좋겠습니다. 이 앱의 중요한 단점은 이거말곤 없는 거 같고 장점을 소개 해보자면 많은 웹툰이 무료라는 것입니다. 남이 만든 귀한 작품을 무료로 계속 볼 수 있다는 게 아주 좋은 점 같습니다. 저는 개인적으로 이 앱 편하고 좋게 사용하고 있습니다. 추천 하는 앱 입니다. 👍 앞으로도 좋은 앱 많이 내시고 건강하세요! ☺️","긍정","2","0"
"2025-11-25 10:39:12","4","너무 재미있어요! 근데 로그인때문에 다못봐서 아쉬워요ㅠㅠ","긍정","2","0"
"2025-11-25 08:21:05","5","말이필요해?","긍정","0","0"
"2025-11-25 01:02:09","1","검열좀 제발 그냥 없애면 안되나요? 정 안되면 연령대별로 나누든지 무슨 그림체가 망가질정도로 검열을 맥여요? 심지어 19금도 검열 맥이는건 무슨 쌍팔년도도 아니고 진짜 이해가 안되네","부정","0","1"
"2025-11-24 23:43:05","5","굳","긍정","0","0"
"2025-11-24 16:01:22","5","좋아요","긍정","2","0"
"2025-11-24 10:12:32","2","네이버 웹툰 앱이 응원하라고 억지로 일루보냄..응원함.","부정","1","0"
"2025-11-23 23:39:44","1","너 때문에 시험 망쳤어 18","부정","0","0"
"2025-11-23 22:43:16","5","진짜 웹툰이 ㄹㅈㄷ임 명작을 여기서 봐서 굿","긍정","3","0"
"2025-11-23 19:54:58","5","화산귀환 영원히 사랑해주세요 ╰(*´︶  `*)╯♡","긍정","0","0"
"2025-11-23 15:48:47","1","예전에는 어러지 않았던것 같은데 오랜만에 웹툰보려고 들어갔는데 최악이네","부정","0","3"
"2025-11-23 10:16:06","5","아주 잘쓰고있음. 최고","긍정","3","0"
"2025-11-23 09:58:36","5","웝툰 처음접합니다 응원합니다","긍정","1","0"
"2025-11-23 01:01:57","5","편리합니다.","긍정","0","0"
"2025-11-23 00:20:24","5","최고에요~~","긍정","3","0"
"2025-11-22 22:34:17","5","만화조아요^^","긍정","0","0"
"2025-11-22 13:42:16","3","솔직히 검열좀 완화시켜주십쇼","중립","0","0"
"2025-11-22 12:33:32","5","네이버웹툰 다좋습니다.","긍정","1","0"
"2025-11-22 11:11:41","2","쿠키 10개 이상 주는 미션 할 때마다 씹히는 거 진짜 못봐주겠음","부정","0","0"
"2025-11-22 10:50:57","5","재밌게 보고 있어요.","긍정","0","0"
"2025-11-22 05:42:40","4","네이버 웹툰 거의 10년째 잘 써 오고 있지만, 어플에 들어가자마자 나오는 웹툰 추천이 불편합니다. 관심 없는 19금 장르 웹툰이 자꾸 뜨네요.. 좀 더 제 관심사 맞춤 웹툰을 추천해주면 좋겠습니다.","긍정","2","2"
"2025-11-22 03:33:40","5","𝐆𝐨𝐨𝐝","긍정","0","0"
"2025-11-22 02:44:06","1","자칭 교수라고 사기치는놈 성차별주의자 작가 웹툰같은건 좀 거르시죠? 덕분에 네이버 안보고 카카오로 넘어갑니다~~~","부정","0","0"
"2025-11-22 02:39:56","5","웹툰재밌엉!!","긍정","0","0"
"2025-11-22 01:31:19","5","갓갓갓 어후를 보게 해주셔서 감사합니다","긍정","1","0"
"2025-11-22 00:36:12","1","처음에는 좋았는데 별로에요. 쿠키도 빠르게 지급 안해주시고 문의로 지급해주시겠다고 하셨으면서 보니까 지급도 안해주셨네요... 앱 회원가입도 처음으로 한것도 쿠키 지급 안되고요. 날이 가면 갈수록 발전이 안되는 느낌... 예전이 더 좋았어요. 그래서인지 네이버 웹툰앱 접속률도 낮고요.","부정","0","1"
"2025-11-22 00:13:19","5","정말 재미있어요!!","긍정","2","0"
"2025-11-21 12:53:48","5","걍 너무 좋아요","긍정","2","0"
"2025-11-21 09:22:17","1","쿠키무료로 줄것처럼 설치하게 해놓고서는 조건걸어놓네요;","부정","0","0"
"2025-11-20 22:56:39","5","사랑해요","긍정","0","0"
"2025-11-20 17:06:14","1","진짜 광고 개화납니다. 관심 쥐꼬리 만큼도 없는 아버지뻘 아저씨가 존심부리면서 명품 사는 웹툰만 떠요. 예전에는 광고하는 웹툰 수도 다양하고 좀 보고싶게끔 광고 평타는 치더니 요즘은 왜 이럽니까? 광고가 하고 싶으면 광고답게 보고 싶게 만들어야죠. 똑같은 것만 주구장창 띄워주면 어느세월에 소비자가 선택을 하겠냐고요. 다양한 연령대가 보고 관심을 갖게끔 해야지 특정 연령층은 관심도 없고 선택도 안 할 웹툰만 띄워주는게 광고입니까?","부정","0","1"
"2025-11-20 16:39:20","5","강열한 웹툰의 매력이 느껴지네요. 쿠키를 사고싶게 만드는 마성이있는 작품도 많이 있는것 같은데....","긍정","0","0"
"2025-11-20 16:15:56","1","쿠키미션해도 안줘요","부정","0","0"
"2025-11-20 08:31:11","4","안녕하세요, 저는 지금 네이버웹툰앱을 사용한지 3~4년 가까이 된 유저입니다. 일단 웹툰앱 장점을 소개드릴게요. 무료쿠키를 받을 수 있습니다. 더보기쪽에 가면 쿠키오븐이라고, 쿠키를 받을 수 있는데가 있어요. 거기서 하라는 것을 하면 받을 수 있습니다. 그리고 재밌는 짤외에 여러 짤을 볼 수 있습니다. 더보기에 가면 '겟짤'이라는 것이 있는데, 거기 들어가면 유저들끼리 공유하고 싶은 짤(장면)을 공유할 수 있습니다. 저는 그곳에서 재밌어보이는 웹툰을 찾기도해요. 장점이 있으면 단점도 있겠죠? 일단 완결웹툰에서는 겟짤 기능을 쓰지 못합니다. 이건 저만 불편 할 수 있는데, 완결웹툰에서 공유하고 싶은 짤이 있는데 짤 올릴 수 있는 버튼이 없더라고요. 캡처는 애초에 안 되고요. 지금까지 제 의견이었습니다. 단점이 약간 있긴 하지만 굉장이 좋은 앱이라 추천드리니 다들 한 번씩 써보세요.","긍정","4","2"
"2025-11-20 05:05:55","5","잼나요","긍정","0","0"
"2025-11-19 23:11:19","5","너무재미있어요","긍정","2","0"
"2025-11-19 17:30:32","5","그저 시간날리는 앱","긍정","0","0"
"2025-11-19 10:27:19","4","볼 수 있는게 많고 다양해서 좋아요","긍정","2","0"
"2025-11-19 08:49:31","5","감사합니다","긍정","1","0"
"2025-11-19 08:48:29","1","컷툰인가요? 웹툰을 다 읽고 마지막 페이지를 가면 이후에는 만화를 다시 볼 수 없어서 불편합니다. 수정해주세요","부정","0","2"
"2025-11-19 07:43:00","5","굿","긍정","0","0"
"2025-11-19 00:55:33","1","1점","부정","0","0"
"2025-11-18 23:54:49","2","살짝보기, 관련작품 안보게좀 해주면 안됨? 진짜 1도 관심없고, 자동으로 넘어가면 불쾌하기만 함 설정으로 안보게라도 해주던가. 나올때마다 관련작품을 내가 왜 자동으로 봐야함?","부정","0","0"
"2025-11-18 23:43:36","5","항상 출퇴근길 함께 하는 네웹! 고마워요!!","긍정","0","0"
"2025-11-18 21:21:58","5","굿","긍정","0","0"
"2025-11-18 14:04:31","4","네이버 웹툰 너무 잘사용하고 있습니다!!! 재밌는게 너무 많아서 잠을 못잔다는 단점이 있어요.. 근데 질문이 있는데 옛날에 네웹엔 영상보는게 있었는데(예를 들어 열대어,대학일기 기기괴괴? 등)이런 애니같은걸 따로 볼 수 있는게 있었는데 혹시 그게 사라진건가요? 아니면 다른곳에 이동한건가요..?옛날에 보던 애니를 다시 보고싶어서요..제 리뷰를 보신다면 답장 부탁드립니다!","긍정","0","0"
"2025-11-18 13:34:17","5","굿입니다 굿","긍정","0","0"
"2025-11-18 13:17:50","5","그냥good!!","긍정","0","0"
"2025-11-17 23:13:14","2","이어폰꼇을때 BGM자동꺼짐좀 만들어주세요","부정","0","0"
"2025-11-17 15:52:39","5","소꿉컴 개꿀잼","긍정","3","0"
"2025-11-17 14:58:31","5","GOAT","긍정","0","0"
"2025-11-17 14:15:46","5","다양한 왭툰 굿","긍정","0","0"
"2025-11-17 14:13:38","3","물론 관계자분들도 아시겠지만 음란물 등을 new best로 띄우고 탈퇴해 댓글을 최상위로 띄우면서 신고도 불가능하게 만드는 수법이 성행하고 있습니다. 탈퇴한 사용자의 댓글을 뜨지 않게 하든, 그런 스팸 계정 자체를 방지하든 상황 개선이 필요해 보입니다.","중립","0","0"
"2025-11-17 13:46:28","5","재밌다ㅇ","긍정","2","0"
"2025-11-17 12:46:29","5","웹툰 댓글에 스포가 있는 경우가 있는데 이러면 몰입에 방해가 돼요.. 이런 경우 유저들이 스포성 댓글을 스포성 댓글로 신고할 수 있게 해주세요. 스포성 댓글은 삭제가 아닌 가렸다가 댓글을 누르면 볼 수 있게 하는 방식이면 좋겠어요. 스포성 댓글이 몰입을 방해하긴 하지만 정주행 할 때 디테일한 부분에서 다른 사람들의 생각을 볼 수 있어서 좋을 때도 있어서 마냥 지우는 건 아닌 것 같습니다.","긍정","4","0"
"2025-11-17 12:02:02","5","네이버웹툰에 재미있는 작품들이 많아서 좋은데 다만 꼭 생겼으면 하는것은 자동으로 만화를 스크롤해주는 기능이에요. '만화경'이라는 어플에서는 속도별로 자동 스크롤이 됬었거든요.이 기능이 생기면 저는 매일매일 네이버웹툰을 볼것 같습니다! 제발 업데이트 해주셨으면 좋겠어요!!!!!","긍정","2","1"
"2025-11-17 02:11:16","5","받아라 나의 응원","긍정","1","0"
"2025-11-16 23:00:07","5","진짜 재미써여!","긍정","0","0"
"2025-11-16 14:00:13","5","크으 왭툰계의 got.","긍정","0","0"
"2025-11-16 12:52:04","5","아주 재미있는걸 무료로 해주셔서 감사하빈다 항상 응원 합니다 네이버 웹툰 화이팅","긍정","4","0"
"2025-11-16 12:13:46","5","항상 재미지게 잘 보고있습니다.","긍정","0","0"
"2025-11-16 11:45:28","5","굿","긍정","0","0"
"2025-11-16 11:37:11","5","젠장 다음화 어딨어","긍정","0","0"
"2025-11-16 10:21:00","5","웹툰 넘버원","긍정","0","0"
"2025-11-16 09:41:00","5","좋아요","긍정","2","0"
"2025-11-16 07:16:38","5","무료가 많아서 좋아요!","긍정","2","0"
"2025-11-16 07:12:22","5","만화꿀잼ㅋ","긍정","3","0"
"2025-11-16 06:59:38","5","너~무 좋아요 ㅎㅎ","긍정","2","0"
"2025-11-16 04:50:07","4","그 저기 사진? 같은거 좀 모든 웹툰에 하게 하주세요 안 하려면 카톡에다 이거 올리고 고생이 ㅆ","긍정","0","0"
"2025-11-16 04:18:26","5","편리함","긍정","0","0"
"2025-11-16 03:28:21","5","따봉","긍정","0","0"
"2025-11-16 00:29:49","5","짝짝짝","긍정","0","0"
"2025-11-15 13:47:51","5","그냥 말할필요없이 심심할때 보면 시간 쭉쭉 감 ㄹㅇ쌈@뽕 깔1랑함 그저goat🐏","긍정","0","0"
"2025-11-15 05:33:37","4","재밌는 웹툰도 많지만 여러가지 작은오류가많아서..그래도 재밌는웹툰많아서 별점4점남깁니다","긍정","0","2"
"2025-11-15 02:07:18","3","댓글이런거 달려면 로그인 해야하는데… 로그인이 잘 안되지만 그래도 웹툰은 볼수있어서 재밌어요","긍정","4","0"
"2025-11-14 22:08:12","5","너무 좋습니다","긍정","1","0"
"2025-11-14 15:26:09","5","솔직히 네웹 미만 잡","긍정","0","0"
"2025-11-14 13:22:30","5","넘 재미있어영!","긍정","2","0"
"2025-11-14 13:06:29","5","재미있어요","긍정","2","0"
"2025-11-14 11:30:06","5","웹툰은 네이버웹툰","긍정","0","0"
"2025-11-14 10:52:42","1","너무 좋아해요 우리 볼해","부정","1","0"
"2025-11-14 06:39:44","5","10년 넘게 네웹을 사랑하고 있는 사람으로서 새로 생긴 컷츠 기능도 타 영상 플랫폼들과 다른 독보적인 매력으로 자리잡길 바랍니다. 현재 느끼는 아쉬운점 1. 컷츠 개별 저장 or 좋아요한 컷츠 보기 탭 추가 (관심작가를 추가하면 알람이 뜨기에 시리즈 전체를 저장하는게 아니라 시리즈 내의 다시 보고싶은 에피소드를 저장하고 싶습니다.) 2. 컷츠에 작품 태그 -> 작품 검색 시 자동 노출 (현재는 무조건 제목에 들어가야만 검색 가능) 혹은 작품 소개란 ui에 '이 작품으로 만든 컷츠 보기' 같은 작은 아이콘을 만들어도 좋을 것 같습니다. 웹툰은 보지만 컷츠를 본 적 없는 이용자가 아직 제 주위에도 많은데 컷츠 탭에 들어갔을 때 랜덤으로 뜨는 영상으로 유입하기 보다 자신이 좋아하는 작품의 영상들로 접하면 컷츠 기능을 더 친밀하게 느낄 수 있을 것 같습니다. 현재 네웹 측에서 웹툰, 컷츠 동시운영하고 있는 '갓템망템 표류기'도 서로 시청하게끔 하는 상호작용이나 홍보가 미약하여 아쉽습니다.","긍정","2","0"
"2025-11-14 02:52:27","5","따봉","긍정","0","0"
"2025-11-14 00:50:27","5","완결난 작품도 스캔되게 해 주세요","긍정","0","0"
"2025-11-14 00:22:10","5","잘보고 있습니다","긍정","0","0"
"2025-11-13 18:20:59","5","추천도 좋고 댓글 기능도 마음에 들고 여러모로 좋습니다 😀😀","긍정","3","0"
"2025-11-13 17:11:40","1","네이버 웹툰 이제 야툰으로 바껴요? 야한 웹툰 뭐이리 많아요..?","부정","0","0"
"2025-11-13 15:57:35","5","매일 즐거워","긍정","0","0"
"2025-11-13 14:45:23","1","몇년동안 별점주기 버튼을 오른쪽에 둬서 적응시켜놓고 왼쪽으로 조그맣게 옮긴 이유가 뭡니까? 별점 주려면 헤매다가 잘못해서 비슷하게 생긴 관심 버튼 눌러서 관심 취소나 되고...","부정","0","0"
"2025-11-13 14:05:12","5","보기편하고 좋아요 ^^","긍정","2","0"
"2025-11-13 12:44:54","1","댓글창 이상하게도 만들었네","부정","0","0"
"2025-11-13 10:51:48","1","보호자 없이 15세미만이 보기에 부적합함. 네이버 웹툰 관계자는 아이가없거나 필터링이 전혀 안되는지 15세 등급 의미조차 없음. 예전엔 이정도로 자극적이고 폭력적이고 선정적인 내용 없이도 잘 운영되었던것 같은데 등급에 양심 팔아 광고비 받아야할정도인지 의심가는 수준.. 아이들이 보는, 또는 볼수있는 컨텐츠는 검열이 더 필요하다는 주의라서 굉장히 불편하고 민원을 넣었음에도 개선의 여지는 없는듯.","부정","0","3"
"2025-11-13 09:13:43","5","굳","긍정","0","0"
"2025-11-13 08:57:13","5","시간순삭. 꿀잼 보장. 꼭 추천. 시험 기간 주의","긍정","8","0"
"2025-11-13 05:56:00","5","굿","긍정","0","0"
"2025-11-13 02:51:12","5","빠르게 접속되어서 좋아요","긍정","2","0"
"2025-11-13 02:09:33","5","재밌어용","긍정","2","0"
"2025-11-12 07:34:30","5","좋습니다","긍정","1","0"
"2025-11-12 05:35:40","4","재밌고좋아용🥰 (근대 좋아하는 웹툰 휴제 나오면 좀;;)","긍정","1","0"
"2025-11-12 02:02:49","5","없으면 안되요.","긍정","0","0"
"2025-11-11 23:47:44","5","좋아요ㅎㅎ","긍정","2","0"
"2025-11-11 14:44:06","5","화이팅~","긍정","0","0"
"2025-11-11 12:43:06","1","여혐기업","부정","0","0"
"2025-11-11 11:17:21","5","가끔씩 쿠키1개씩 던져줄때 알러뷰","긍정","0","0"
"2025-11-11 11:06:03","5","최고!","긍정","3","0"
"2025-11-11 10:48:23","5","요즘 웹툰. 다양하고. 볼꺼. 많아 좋긴한데 점점. 미리보기 유료쿠키가격이. 올라서 별로에요","긍정","0","1"
"2025-11-11 07:05:04","5","굿","긍정","0","0"
"2025-11-11 06:44:41","5","화이팅","긍정","0","0"
"2025-11-11 02:27:25","4","성인 웹툰 차단 기능 넣어주시면 안 될까요?","긍정","0","0"
"2025-11-11 02:27:08","5","재밌는 무협 웹툰 더 많이 올려주세요~","긍정","0","0"
"2025-11-11 02:08:23","1","쓰레기. 쿠키 오븐 거지같이 운영해서 개인정보만 이용해먹고 쿠키 안 줌","부정","0","0"
"2025-11-11 00:14:56","5","굳","긍정","0","0"
"2025-11-10 14:55:47","5","웹툰 재밌어요.","긍정","4","0"
"2025-11-10 14:06:29","4","요즘은 뭔가 초기의 네웹이 아닌 것 같아요 장르가 다양했는데 요즘은 로맨스여도 예측 가능할 정돕니다 그렇다고 보기 싫은 건 아닌데요 한 장르에도 다양한 느낌이, 또 여신강림 그리고 강남미인처럼 교훈을 주는 웹툰이 필요할 것 같아요 또 저는 쿠키를 정말 많이 굽는편인데요... 근데 쿠키를 많이 구워도 주어지는 혜택은 없다보니 손길이 요즘 잘 안 갑니다... 남은 네웹 유저라도 잘 잡으시려면 여성 독자들을 위한 웹툰도 만들어 주세요...","긍정","0","0"
"2025-11-10 12:25:37","5","재밌다","긍정","2","0"
"2025-11-10 10:41:05","5","보기편하고 좋인요","긍정","0","0"
"2025-11-10 07:03:13","4","계속 인기순으러 바꿔도 강제로 알아서딱 순위로 바뀌는거랑 어쩌다 한번 들어간걸 최근 봤다면서 1년동안 강제로 박제 시키는것좀 없애주거나 고쳐줬으면 좋겠음 그리고 웹툰 앱에서도 도전 작품이나 소장 기능 추가해줬으면 좋겠음","긍정","0","0"
"2025-11-10 02:15:28","5","삭제 했다 다시 설치 했는데 도 계속 인터넷 오류 뜨고 그러네요","긍정","0","2"
"2025-11-10 01:39:02","5","띠용","긍정","0","0"
"2025-11-09 22:53:00","5","쿠키도 저렴하고 용량문제도 최소화하는 그야 말로 이야기 창고","긍정","0","0"
"2025-11-09 16:12:52","5","최고임 이어플","긍정","3","0"
"2025-11-09 16:07:28","5","좋아요","긍정","2","0"
"2025-11-09 15:29:56","5","감사합니다","긍정","1","0"
"2025-11-09 07:09:02","5","재미있어요","긍정","2","0"
"2025-11-09 03:33:01","5","여러 재미있는 웹툰도 많고 예전부터 봐와서 그런지 불편한점 하나 없고 좋은것 같네요","긍정","2","2"
"2025-11-09 03:03:13","5","잘보고있습니다","긍정","0","0"
"2025-11-09 02:50:48","5","재밌어요","긍정","4","0"
"2025-11-08 14:45:11","5","재밌게 보는 맛이 좋아요","긍정","2","0"
"2025-11-08 14:08:52","1","카카페나 다음웹툰이 훨씬 나음 돈독 올라서 예전 네이버 아님","부정","0","0"
"2025-11-08 13:35:21","5","너무재밌어요월래1,2시간만하려다4시간썻네요.","긍정","4","0"
"2025-11-08 11:31:14","5","다 괜찮은데 혹시 n0화 이상 이런걸로 필터 만들어 주시면 좋을 것 같습니다. 신작을 보면 다음이 궁금해서 기다리기가 너무 힘들어요","긍정","0","0"
"2025-11-08 07:40:27","1","결제해도 쿠키 안줌. 당일에 취소하고 다시 참여해서 쿠키 받았더니 그것도 도로 뺏어감. 그따위로 살지마라 쓰레기들아!!!!!","부정","0","0"
"2025-11-08 01:48:38","5","정말 좋아요","긍정","2","0"
"2025-11-08 00:41:10","5","너무 재밌어요!","긍정","4","0"
"2025-11-08 00:29:01","5","너무 좋음","긍정","0","0"
"2025-11-07 23:35:24","5","굿굿굿 사용이 편해서 굿","긍정","0","0"
"2025-11-07 18:22:29","5","무료. 이걸로 충분할텐데?","긍정","0","0"
"2025-11-07 15:35:03","5","좋아요","긍정","2","0"
"2025-11-07 14:42:45","1","구글 포인트로 쿠키를 구매했는데 하나도 안들어옵니다. 해결 부탁드려요","부정","0","0"
"2025-11-07 14:19:11","1","광고좀 적당히 띄워라 거지샊들도 아니고 않보기 눌러도 또 뜨는건 뭐냐? 팝업창 종류별로 다 눌러주라는거냐? 돈도 많은 샊들이 거지샊들마냥 광고를 덕지덕지 발라서 왜 꼭 불필요하게 화면늘 누르게 만드냐. 그리고 업데이트 요청 팝업도 치워 좀 어째 네이버도 점점 하는짓이 카카오가 되어가냐 수준떨어지네 진짜","부정","0","2"
"2025-11-07 13:39:58","5","너무 좋아요ㅎㅎ ...","긍정","2","0"
"2025-11-07 11:45:42","5","너무 너무 좋아요 특히 대부분 무료라서 너무 좋아요.","긍정","2","0"
"2025-11-07 10:29:14","5","재미있었어요 ㅎㅎ ㅋㅋ 😂 😆 🍒 ♥️ 💘 😎 😂 😆 🍒","긍정","2","0"
"2025-11-07 05:37:28","5","😀","긍정","0","0"
"2025-11-07 04:37:58","5","잼있다","긍정","0","0"
"2025-11-06 22:20:52","5","너무 좋았음","긍정","0","0"
"2025-11-06 13:50:06","1","왜 전체 화 안 보이게 만들어놓으셨어요 다시 복구 부탁드려요","부정","0","0"
"2025-11-06 10:55:30","5","굿 최고임","긍정","3","0"
"2025-11-06 09:34:00","1","광고 없다가 다른거 누르려는 순간 나와서 자꾸 이상한 웹툰 들어가지는데 개열받아요","부정","0","1"
"2025-11-06 00:09:06","4","""알아서 딱""모드에서 꾹 눌러서 관심 없음 기능도 추가해주세요","긍정","0","0"
"2025-11-05 22:58:30","5","너무 재미있음","긍정","2","0"
"2025-11-05 21:21:30","5","진짜~~ 인생앱 중 하나인거 같읍니다 다른 재밌는 웹툰들 모아볼수 있고요 미리보기 쿠키도 무과금도 쉽게 얻을수 있어요! 별 1000000000개 입니다!","긍정","0","0"
"2025-11-05 20:27:36","5","작가들 하이팅 베헬라","긍정","0","0"
"2025-11-05 14:56:33","5","크...이번패치 너무좋네요 기존에 보다가 잘못해서 앱 종료하게 되면 다시들어가야했는데요 지금은 보던 상태 바로 켜지니 너무 편합니다👍👍👍","긍정","1","0"
"2025-11-05 11:00:31","2","네이버 로그인 못 하는데 네이버 로그인 해야지 다음 화 볼 수 있다고 해서 요즘 웹툰 안 보는중","부정","0","0"
"2025-11-05 09:01:56","5","그냥굿","긍정","0","0"
"2025-11-05 03:02:01","1","별로","부정","0","1"
"2025-11-04 21:18:05","5","😝","긍정","0","0"
"2025-11-04 14:30:26","5","너무 재밌어요~ 매일 웹툰보다 휴대폰끼고 잠드는 나~ 아~~ 어떻하지?","긍정","4","0"
"2025-11-04 13:46:41","5","굳앤굿 오아 긋","긍정","0","0"
"2025-11-04 13:26:57","5","아주 좋습니다","긍정","1","0"
"2025-11-04 12:50:12","5","너무 좋습니다.","긍정","1","0"
"2025-11-04 08:46:10","5","보기편하구좋아요","긍정","2","0"
"2025-11-04 08:17:39","1","캡쳐금지할꺼면 화질 좀 올려주세요","부정","0","0"
"2025-11-04 02:26:09","3","안녕하세요 네이버웹툰 추천완결을 컷츠로 바꿔졌는데 너무불편합니다 이전버전으로 다시돌아가고 싶은데 방법이 없을까요?ㅜ","중립","2","2"
"2025-11-03 19:16:42","1","왜 갑자기 댓글을 한개씩 보여주는지 모르겠음 딱히 알고싶지도 않은 내용 지나가다 한번씩 보니 기분 더러움","부정","0","0"
"2025-11-03 17:17:46","5","좋은 앱이지만 여러모로 아쉬운점도 있었는데 그거중에 전체 연령가가 많이 없더라고요.. 그거와 댓글 테러나 별점 태러같은게 불편합니다.. 특히 반복적으로 시비거는 사람들댓을 다시는데 좋지 않은 내용들 뿐이고 별점을 높게주어도 내려갈만큼별점태러도 많이 당했 습니다..좋은점은무료라는점과 재미있는 작품이많가 인거 같습니다. 5년 달성 해보겠습니다 화이팅!","긍정","2","2"
"2025-11-03 13:32:53","2","차단무제한은좋습니다 하지만탈퇴한사용자가댓글다는거삭제하던지댓글못달게해주세요 자꾸보여서이상합니다 고객센터에애기해봤지만의견전달이되었는지는모르겠습니다 2년전에단댓글차단말고다른방법모색해주세요","부정","1","0"
"2025-11-03 13:12:29","5","편리하고 좋아요","긍정","2","0"
"2025-11-03 11:42:14","1","쿠키쓰려면 앱이 강제라 설치했는데 광고가 과하네요. 혹시 광고제거도 쿠키로 팔 계획이신가요","부정","0","1"
"2025-11-03 03:37:27","5","좋아요","긍정","2","0"
"2025-11-02 23:11:01","2","오른손으로 슥슥 내리면서 보다가 가볍게 별점 주기 누르기 편했는데 위치가 바뀌어서 손이 힘들어요;","부정","0","0"
"2025-11-02 17:52:23","1","쿠키오븐에 대해 문의하려니까 이메일 아이디 확인해 달라고 하는데 확인하는 칸이나 누를 수 있는 곳이 없다....","부정","0","0"
"2025-11-02 16:11:04","1","무료쿠키 지급이 안되서 문의해보니 참여일시와 스크린샷까지 추가하라하네요? 애초에 참여일시 스크린샷 정확히 기제했는데 이런 일이 한두번도 아니고 문의해도 그냥 자동응답으로 계속 돌려막기만 하고 진짜 장난하는것도 아니고 웹툰 때문에 보는거지 웹툰아니였음 딴 플랫폼으로 갈아탔어요 제발 자동응답으로 돌려막기하시지 마시고 정확히 답변 주시면 좋겠네요","부정","0","0"
"2025-11-02 13:41:36","5","Good","긍정","0","0"
"2025-11-02 13:38:38","5","힘내세요 응원합니다","긍정","1","0"
"2025-11-02 13:36:26","5","재미있어요","긍정","2","0"
"2025-11-02 11:01:04","5","굿","긍정","0","0"
"2025-11-02 10:30:45","1","지금 밑장빼기를 하시는건지는 모르겠지만 접속하기로 쿠키를 받는 페이지에서 앱을 깔면 그 앱 페이지만 사라져요 오류일수도 있지만 신속한 조치 부탁드립니다","부정","0","2"
"2025-11-02 08:22:09","5","잘보고 있어요","긍정","0","0"
"2025-11-02 08:01:40","5","겁나 재미있음!!","긍정","2","0"
"2025-11-02 07:18:29","5","이거 진짜 개재밌어요!!!! 여사친 함 봐보세욥","긍정","4","0"
"2025-11-02 06:35:41","5","재미진. 작품이 많아서. 시간가는줄. 모릅니다","긍정","0","0"
"2025-11-02 06:19:02","4","웹툰 앱 켜면 작품 홍보한다고 웹툰 광고 뜨는데 대뜸 누르면 첫화로 가는 거 대신에 그냥 그 작품 목록으로 가면 좋겠습니다.","긍정","0","1"
"2025-11-02 00:35:36","5","일다는 좋음 그냥 좋음 10점 만점에 100000점임 별5개 말고 1000개 정도는 줘야 돼는데...ㅠㅠ","긍정","0","0"
"2025-11-01 19:44:30","5","사용이 빠르고 깔끔해서 좋아요","긍정","2","0"
"2025-11-01 18:14:51","5","진짜 시간 순삭","긍정","0","0"
"2025-11-01 12:13:11","5","44교시 생존수업 꼭 보세요..","긍정","0","0"
"2025-11-01 10:06:46","5","웹툰 개재미있음ㅋㅋㅋㅋㅋㅋㄱ🤣🤣🤣🤣🤣🤣🤣🤣🤣🤣🤣","긍정","2","0"
"2025-11-01 06:43:11","5","네이버웹툰만봄...","긍정","0","0"
"2025-11-01 01:52:15","5","진짜 재밌는 웹툰 엄청 많아요 최고예요!","긍정","6","0"
"2025-10-31 15:06:52","5","굿굿","긍정","0","0"
"2025-10-31 14:49:04","5","너무 재밌게 꾸준히 잘 보고있습니다","긍정","0","0"
"2025-10-30 15:18:06","5","이거 안보면 후회함 ㄹㅇ 내말 믿어보세요.","긍정","0","0"
"2025-10-30 11:36:15","1","들어갈때마다 뜨는 할로윈 문구 너무 혐오스러워요","부정","0","0"
"2025-10-30 07:56:53","5","좋아요","긍정","2","0"
"2025-10-30 01:55:16","1","끊임없는 팝업. 지속되는 불쾌감","부정","0","0"
"2025-10-30 01:26:30","1","이 전보다 광고가 너무 많이 뜨게 된 것 같음. 전엔 어플 한번 처음 들어갈때만 나오더니 이제 만화 한두번 보고 뒤로 돌아갈때마다 처나와서 보기 싫음","부정","0","1"
"2025-10-30 01:08:49","5","괜찮은편","긍정","0","0"
"2025-10-29 23:03:36","5","👍","긍정","0","0"
"2025-10-29 17:05:25","5","Great!!!!","긍정","0","0"
"2025-10-29 16:44:29","5","사용하기 너무 좋아요","긍정","2","0"
"2025-10-29 15:48:44","5","빠르고 휼륭한 작품들 많아서 좋아요.","긍정","2","0"
"2025-10-29 11:35:00","5","굿이네요","긍정","0","0"
"2025-10-29 05:33:55","5","세계최강 웹툰 앱이라고 생각함. 직관적인 사용환경. 요일별로 잘정리된 리스트. 호기심을 불러일으키는 썸네일. 도제시스템이 아닌 누구나 실력이 있다면 연재하고 돈을 벌 수 있다는 시스템까지 다 최고임.","긍정","3","1"
"2025-10-29 05:13:02","5","만족함","긍정","0","0"
"2025-10-29 03:59:25","4","다 좋은데 휴재작품을 추천하는 경우는 무슨 경우인지 모르겠네요. 휴재작품을 추천작품으로 띄우고 지금볼건지 회차쌓이면 볼건지 안볼건지 물어보면 휴재작품이니 회차쌓이거나 돌아와야 볼건데 개선부탁드립니다.","긍정","2","0"
"2025-10-29 02:00:33","5","magnification","긍정","0","0"
"2025-10-29 01:44:37","5","네웹을 오랫동안 사용하고 있는데 점점 무료도 많아지고 보기 너무 좋아요~~ 무료쿠키 얻는것도 크게 어렵지 않아요~","긍정","2","0"
"2025-10-29 01:04:40","5","괜찮아요","긍정","0","0"
"2025-10-28 22:08:15","5","아주 잼나네요 ㅎㅎ 이제야 이걸알다니","긍정","0","0"
"2025-10-28 19:03:20","5","다좋은데 내가보는 웹툰만 따로 모아서 보여주면 정말 좋겠다는 생각이 드네여^^","긍정","0","0"
"2025-10-28 16:26:15","4","아이패드에선 리모컨블루투스로 아래로보는게 가능한데 안드로이드는 왜 안되나요? 되게 만들어 줄수 없을까요?","긍정","0","0"
"2025-10-28 13:59:23","3","어떻게 웹툰 올리는지 모르겠어요 ㅠㅠㅠ","중립","0","0"
"2025-10-28 10:16:23","5","아니 진짜 개재밌어요..","긍정","4","0"
"2025-10-27 13:31:55","5","잘 쓰고 있습니다 그런데 처음 홈에 들어갔을 때 실시간top30를 없애거나 기준(여자, 남자, 전체)을 완전히 바꾸는 기능도 있으면 좋겠어요 그리고 미성년자한테는 성인웹툰 썸네일을 없애는기능이 선택으로 있으면 좋겠어요","긍정","0","0"
"2025-10-27 10:04:46","5","완전 무료 작품 많음. 갓띵작인데 무료인게 겁나 많음. 근데 갑자기 유료로 바꿔서 못 보게 됀게 있어서 아쉬움. 진짜 쟈밋게 보고 있었는데...구게 바로 천배아 라고 천재 배우의 아우라 라고 웹툰이 있는데 사정이 있어서 바로 갑자기 마지막 화 까지 업로드되고 유료로 바꿔서 아쉬움.ㅠㅠ","긍정","0","0"
"2025-10-26 16:36:49","1","왜 대여 구매는 웹에서도 가능하게 해놓고 보는건 어플을 츠깔아야 하는거죠 개불편하게? 그래놓고 쿠키는 가져가네","부정","0","2"
"2025-10-26 15:51:45","5","사용하기엔 다 좋습니다! 근데 도전만화 페이지가 앱에도 추가되었으면 좋겠어요! 웹으로 다시 들어가기 너무 번거롭습니다","긍정","1","0"
"2025-10-26 12:16:46","5","진짜 잘쓰고 있습니다 확실히 타 플랫폼에 비해 무과금분들도 전혀 무리없이 충분히 즐길수 있는 앱입니다 하지만 정말 부탁드리고 싶은점이 있다면 관심웹툰중 요일별 웹툰들을 각 요일마다 따로 상단에 보여주는 창이 있다면 더욱 즐겁게 사용할 수 있을 것 같아ㅇㅛ","긍정","0","0"
"2025-10-26 10:43:07","5","가끔식보는 명작","긍정","3","0"
"2025-10-26 09:24:53","1","이 어플을 설치한적도 없고 사용한적도 없는데 갑자기 1200원이 카카오페이로 결제됐다고 뜨는데..무슨일이죠? 계정해킹인건지?(고작1200원)? 또 어떻게 더 결제가 될런지 ..아니무슨 이런 황당한..","부정","0","0"
"2025-10-26 06:52:49","1","개자식들 업데이트하니 졸라게 튕기네 ㅋ 네이버 인재채용 낙하산임? 아님 외주인가 ㅋ","부정","0","0"
"2025-10-26 04:53:56","5","정말 최강 웹툰!!","긍정","0","0"
"2025-10-26 01:43:59","5","👍","긍정","0","0"
"2025-10-25 22:43:09","4","솔직히 말하면 약깐 부족해서","긍정","0","0"
"2025-10-25 20:52:05","1","어플 속도가 왜 이리 느려졌죠?","부정","0","0"
"2025-10-25 16:15:49","5","저만18세됏는데요 제계정실명인증되어잇는데요 빨리 성인웹툰볼수잇게해주세요급합니다왜안열리나요제발","긍정","0","0"
"2025-10-25 14:09:16","5","좋아요 잘 보고 있어요","긍정","2","0"
"2025-10-25 11:58:43","1","댓글 삭제 왜 안 됨?","부정","0","0"
"2025-10-25 10:02:15","1","그놈의 무료쿠키알림은 왜 꺼놔도 자꾸 뜨는거임? 관심없다고 좀 꺼지라고","부정","0","0"
"2025-10-25 05:50:25","4","역시 네이버 일을 잘합니다 재밌는 웹툰도 많고요","긍정","0","0"
"2025-10-25 03:04:55","4","통제구역관리부를 보는 1인 약간에..유료가 있지만 일주일정도? 기다리면 나와서 좋아용♡ 별이 4개...;; 무료에서 갑자기 유료로 바뀌어서 좀 불편하지만 괜찬아요 제가 보는 다른 웹툰은 무료 없고 완전 자채 다 유료여서 여기가 그나마 낳아요..","긍정","1","2"
"2025-10-25 02:50:14","5","굿","긍정","0","0"
"2025-10-24 23:17:56","5","별점 주기 버튼이 우측에서 좌측으로 이동하니, 한 손으로 쉽게 주던 이전에 비해 여간 불편한 게 아님.","긍정","0","2"
"2025-10-24 15:14:35","2","요즘 계속 업데이트하면서 버튼 위치들을 옮기시는데 좀 가만히 좀 냅두면 안됩니까 불편해요 웹툰들은 재밌는데 앱은 진짜 별로네요","부정","0","3"
"2025-10-24 10:25:51","5","재밌게 캐릭터챗 하고있는데 계속 캐릭터가 메세지를 확인 중이라 뜹니다..확인 부탁드립니다.","긍정","0","0"
"2025-10-24 08:02:59","1","ㅡㅎㅅ?코로ㅗㅡ","부정","0","0"
"2025-10-24 06:11:01","5","재밌네요 이벤트도 있고","긍정","2","0"
"2025-10-24 05:33:18","5","너무 재밌네요","긍정","2","0"
"2025-10-24 04:41:16","5","asdf","긍정","0","0"
"2025-10-24 02:10:43","5","좋습니다무료쿠키도주고","긍정","1","0"
"2025-10-23 20:03:40","5","넘나 좋은 앱이네요","긍정","0","0"
"2025-10-23 16:55:36","1","별점 주는 방식이 바뀌어서 불편합니다.","부정","0","2"
"2025-10-23 12:54:06","5","너무너무좋아요","긍정","2","0"
"2025-10-23 12:37:11","1","아 더러워서 업뎃한다. 드럽게 업뎃하라고 요구하네","부정","0","0"
"2025-10-23 12:28:33","5","웹툰 보기 좋아요","긍정","2","0"
"2025-10-23 11:22:03","1","업뎃 너무 불편함 카톡처럼 야금야금 바꿔가다가 카톡 꼴 난다..","부정","0","2"
"2025-10-23 10:05:40","5","너무 재밌어요!이거 진짜 ㄷㅂ이예요ㄷㄷ..","긍정","4","0"
"2025-10-23 09:46:02","5","정말 재밌어요","긍정","4","0"
"2025-10-23 08:34:12","1","광고는 캡쳐할수 있게 해줘 ㅡㅡ 니들이 중소기업 이냐?","부정","0","1"
"2025-10-23 07:51:27","4","좋음","긍정","0","0"
"2025-10-23 05:25:09","3","UI 왜 바꿨나요.... 안 그래도 별점 누르기 하는데 크기도 작고 위치 바껴서 엄청 헷갈림...ㅜㅜ","중립","0","0"
"2025-10-23 03:42:38","5","좋아요!!!","긍정","2","0"
"2025-10-23 00:07:38","5","사용하기편함","긍정","0","0"
"2025-10-22 17:58:23","5","너무 만족하며 사용중입니다. 다만 전체화면으로 실행되는만큼 시간이나 알림을 확인하려 따로 터치를 해야된다는게 살짝 불편하네요","긍정","0","2"
"2025-10-22 16:21:47","1","컨텐츠 아녔으면 나락갈 노답앱. 프로그래머 줄 돈으로 작가주십쇼","부정","0","0"
"2025-10-22 14:03:06","4","다른거 다 좋은데 이학이 안돌아와요","긍정","0","0"
"2025-10-22 09:08:34","5","버스타고 다닐때 잘 보고있어요~!!","긍정","0","0"
"2025-10-22 06:55:55","5","넘 편하게 보는중~ 근데 광고는 좀.... ㅡㅅㅡ","긍정","0","1"
"2025-10-21 11:49:24","4","랜덤으로 웹툰 볼 수 있는 기능은 사라졌나요? 볼 거 없을 때 나름 유용하게 이용했던 기능인데.. 다시 넣어주시면 안되나요 ㅠㅠ","긍정","0","0"
"2025-10-21 10:54:36","5","좋음","긍정","0","0"
"2025-10-21 08:37:22","5","진짜 말해모해 겁나 재밋구열ㄹ 잠입재벌고,청춘계시록,연애리뷰 가 젤 끝판왕 임 ㅜㅜ","긍정","0","0"
"2025-10-20 13:29:26","5","다양한 웹툰들을 볼수있어서 너무 좋구요! 로맨스도 있고 너무 다양해서 골라서 볼수있어서 5점 넘게 주고싶지만 5점이 최대라 아쉽네요ㅠ","긍정","0","0"
"2025-10-20 12:02:12","5","화산귀환 사랑해","긍정","0","0"
"2025-10-20 08:57:29","4","웹툰이 깔끔하고 좋아요😀 👍 다만 광고가 좀 많네요 ㅎㅎ","긍정","2","1"
"2025-10-20 07:53:48","5","재미난 웹툰이 많아요","긍정","0","0"
"2025-10-20 05:36:46","5","ㄹㅇ 재밌는거 많음요","긍정","0","0"
"2025-10-20 01:13:15","1","최고의 웹툰 앱이었으나 돈 벌려고 혈안이 되어있는 앱으로 전락 안 본 웹툰 보라고 만들었던 지금볼 기능이 왜 미리보기 까지 갔는지 모르겠고 두번째로 휴재하다가 온 웹툰은 지금볼 웹툰에 안나오고 님들은 일을 반대로 하고 있음","부정","3","0"
"2025-10-19 23:23:41","5","역대급 영지 설계사 잘보고 있어요","긍정","0","0"
"2025-10-19 22:26:37","5","심심할때 보기 굳","긍정","0","0"
"2025-10-19 21:08:48","5","굿","긍정","0","0"
"2025-10-19 15:44:08","5","굳~~~~~~~~~~-------------뜨","긍정","0","0"
"2025-10-19 15:38:09","4","지금까지는 광고 뜨는것들이 그닥 불편하거나 불퀘하지 않아서 괜찮았는데 갑자기 웹툰 마지막에 들어가는 광고들 크기를 2배씩 늘리는 이유가 뭘까요? 전까지도 충분한 크기였다고 생각하는데 말이죠","긍정","0","3"
"2025-10-19 15:37:17","5","항상 재밌음","긍정","0","0"
"2025-10-19 14:09:23","1","최근 본에서 편집 기능이 좀 많이 아쉬워졌어요. 전에는 화면 구도 웹툰 위치 그대로에서 위쪽만 바뀌었었는데 지금은 아예 웹툰도 올려버리고 편집기능도 내려버려서 불편합니다. 그 외에는 모두 괜찮은데요 그것만 원래대로 바뀌었으면 좋겠습니다.","부정","0","2"
"2025-10-19 13:44:35","5","연애혁명","긍정","0","0"
"2025-10-19 12:35:25","5","최고","긍정","3","0"
"2025-10-19 11:20:42","5","굿굿","긍정","0","0"
"2025-10-19 10:20:19","5","저는 딱히 자주 보진 않지만 그래도 나름 좋은 것 같아요","긍정","0","0"
"2025-10-19 09:27:50","5","good","긍정","0","0"
"2025-10-19 09:02:54","5","다 좋은데 컷츠 빼자... 제2의 카톡팝이 되고 싶은건 아닐거 아녀?","긍정","0","0"
"2025-10-19 05:53:53","4","현재까지는 즐겁게 이용중입니다","긍정","0","0"
"2025-10-19 04:51:18","5","너무 좋아요","긍정","2","0"
"2025-10-19 04:31:50","3","일시적오류떠서 쿠키쓴거 못보는중인데 어케요??","부정","0","2"
"2025-10-19 02:17:21","5","아 진짜 중독 됐어요","긍정","0","0"
"2025-10-19 01:55:43","5","very Good","긍정","0","0"
"2025-10-19 01:47:13","5","언제나 감사하게 봅니다","긍정","1","0"
"2025-10-18 20:26:33","5","Bravo ❣️","긍정","0","0"
"2025-10-18 16:02:53","4","재밌는데 작가님들 좀 챙겨줘요...","긍정","0","0"
"2025-10-18 14:24:35","5","즐거운 웹툰","긍정","0","0"
"2025-10-18 13:25:34","5","너무좋아요","긍정","2","0"
"2025-10-18 11:32:54","5","굿","긍정","0","0"
"2025-10-18 10:49:21","5","아주좋 아","긍정","0","0"
"2025-10-18 10:14:35","5","굳굳굳","긍정","0","0"
"2025-10-18 07:17:10","5","댓글 사용자를 차단했을 때 내가 차단한 사용자의 댓글을 볼 수 있게 해주세요.","긍정","0","0"
"2025-10-18 01:05:46","5","전 네웹을 엄청 잘 사용중인 한 유저인데요. 이거 하나만 추가해 주셨으면 합니다. 15세 이상 권장 웹툰이 있는데, 저는 15세 미만이라서 못 보니까 알림창 같은 걸 만들어 주셨으면 합니다. 알림창에 네&아니요 로 해서 개인의 생각에 따라 15세 이상 권장 웹툰을 보게 해 주셨으면 좋겠어요. 긴글 읽어주셔서 감사합니다.<-25.07.18 네이버웹툰의 장점을 빨리 알려드리려고 합니다 !! 웹툰이 너무 재밌고 다양하고요, 귀여운그림체, 예쁜 그림체 등등 골라보는 재미가 있구요 ,, 광고가 절대안나와요!! 로그인을 하긴해야하지만 괜찮구요 쿠키없이도 볼수있는 웹툰이 더 많아요!! 쿠키 구울려면 다른 앱을 설치해 이벤트에 참가하거나 게임을 어느정도까지 플레이해야 쿠키를 줘요 안뇽히 계세요~지금까지 리쿠였습니다 (엔위시 리쿠 아님 리쿠 팬)","긍정","1","1"
"2025-10-18 01:01:09","5","저는 너무 만족하면서 사용하고 있습니다. 매년 재미있는 작품들을 보여주시게 해주셔서 작가님들과 그리고 일러스트를 그려주시는분들 그리고 웹툰 관계자분들 늘 감사드립니다. 앞으로도 잘 부탁드려요^^","긍정","3","0"
"2025-10-18 00:26:31","5","재밌어요","긍정","4","0"
"2025-10-17 23:03:27","4","좋아요","긍정","2","0"
"2025-10-17 22:03:31","5","일주일이 기다려지는 재미? 여러 웹툰 작가들의 신선한 볼거리와 풍부한 상상력을 바탕으로 흥미진진한 이야기들을 볼수가 있는 앱.","긍정","0","0"
"2025-10-17 21:57:08","1","웹툰 제발 노래 자동으로 틀어지는거 온오프 기능좀 만들어 주세요. 갑자기 노래 들려서 놀라는게 한두번이 아니네","부정","0","0"
"2025-10-17 16:14:23","5","화이팅","긍정","0","0"
"2025-10-17 14:00:41","1","아니 얼마전까지만해도 쿠키 마지막화전까지 뜨던 예고들이 막뜨는데 맞음?","부정","0","0"
"2025-10-17 12:58:36","5","아 너무 재밌고 좋습니다","긍정","1","0"
"2025-10-17 11:45:56","5","재미있고 장르가 다양하고 저한테 쉽고 좋아요!!!","긍정","4","0"
"2025-10-17 11:42:21","5","표지부터 보기싫은 웹툰은 차단할수 있는 기능을 만들어주세요","긍정","0","0"
"2025-10-17 10:19:00","5","굿","긍정","0","0"
"2025-10-17 10:11:04","1","왜 안본편이 몇편남았는지 안보이죠?","부정","0","0"
"2025-10-17 09:57:09","5","ui 깔끔하고 ux도 매우 만족스러워요. 무겁다는 느낌도 없고 최적화가 잘되어있는거같아요. '촌구석 아저씨 검성이 되다' 같은 만화들도 네이버웹툰에서 서비스 해주는 덕분에 편하고 빠르게 정식으로 볼수있게 되어서 아주 좋아요.","긍정","2","0"
"2025-10-17 06:17:36","5","제일 좋아요","긍정","2","0"
"2025-10-17 05:26:37","2","댓글 삭제가 안돼요...., 작성가능한 댓글수를 넘어섯다는데 지우는게 왜안되나요","부정","0","0"
"2025-10-16 23:25:54","5","멋진 작품이 많은 약간 뷔페 같아요","긍정","0","0"
"2025-10-16 19:55:55","5","네이버 웹툰 볼것도만코 무료웹도만코 좋당","긍정","0","0"
"2025-10-16 15:02:56","5","진짜 만든 사람 노벨상 얻어야 할 만큼 너무 재미있고 다양한 스토리들이 많아요!","긍정","2","0"
"2025-10-16 10:10:49","5","진짜 잘 이용하고 있는데...캐릭터챗에 전독시 캐릭터 넣어주세요ㅠㅠㅠㅠ그리고 임시저장 똑같은 거 여러번 저장 가능하게 해주세요. 그거 말고는 진짜 만족합니다아","긍정","0","0"
"2025-10-16 08:12:10","5","좋음","긍정","0","0"
"2025-10-16 08:08:19","5","일단 최고임.","긍정","3","0"
"2025-10-16 07:46:37","4","다른거 다 좋은데 제발 웹에서도 미리보기 보여주게 해주면 안됄까요오ㅜ 너무 불편할때가 많아요오ㅜㅜ","긍정","0","2"
"2025-10-16 03:48:48","3","아니 뭐에요 서버 터진거? 결제 화면에서 계속 고유쿠키밖에 못하는데요 이거 어케된ㄱ? 빨리해결해주세요","중립","0","0"
"2025-10-16 03:16:32","5","너무재미있어요","긍정","2","0"
"2025-10-16 02:53:34","5","판타지가 재미 있어요","긍정","0","0"
"2025-10-16 02:19:53","1","아오 네이버 진짜 일 못하네 컷츠같은 이상한걸 왜 넣어서 헛짓하나요? 이번에 카톡 업데이트해서 욕 뒤지게 먹고 망해가는거 안보여요? 쓰잘때기 없는것들 추가하지말고 원래하던대로만 해주세요 ui 보기 간편하게만 만들어도 유저 안빠지고 쭉 갈텐데 항상 번잡스럽게 이상한걸 넣네 컷츠 없애고 원래대로 하루 한편 볼수있는기능으로 바꿔줘요","부정","0","0"
"2025-10-16 01:43:15","5","정말 재 있요 ..","긍정","0","0"
"2025-10-15 23:10:19","5","굿굿굿굿굿굿굿","긍정","0","0"
"2025-10-15 22:26:10","5","음 이건 제 개인 적인 생각인데 MY웹툰 창에서 요일 별 항목이 있는 것도 괜찮을 거 같아요 :)","긍정","0","0"
"2025-10-15 22:08:41","5","이제 플레이스토어에서 플레이포인트로 쿠키 못사나요? 예전엔 있었는데 아무리찾아봐도 안보이네요","긍정","0","0"
"2025-10-15 16:39:49","1","작가들에게 안전한 노동환경과 정당한 수익을 제공하라","부정","0","0"
"2025-10-15 14:32:41","5","사랑해요","긍정","0","0"
"2025-10-15 11:38:05","5","그냥 다 좋네요","긍정","1","0"
"2025-10-15 08:56:57","1","업데이트하면서 버튼위치나 그런게 묘하게 바꼈는데 최근본 웹툰 편집할때 상단오른쪽 점세개 누르는데 편집 버튼은 하단맨밑으로 내렸네요? 아무리 작은 화면 안에서 사용하는거라도 어플을 이용하게끔 만들었으면 그안에서 편의성을 고려해서 만들어야 되지않나요; 맨위에서 맨밑으로 버튼 누르는 경로는 무슨 생각으로 만든건지 모르겠네요","부정","0","0"
"2025-10-15 08:42:23","5","재미있는 이야기가 많아요","긍정","2","0"
"2025-10-15 01:09:29","5","재밌어요","긍정","4","0"
"2025-10-14 14:56:34","5","좋아좋아좋아좋아 머리식히기딱좋아","긍정","1","0"
"2025-10-14 12:04:20","1","돈 90% 떼가면서 양심이 있으신가요? 작가님들은 뭐먹고 살아요;; 노동착취하지말고 제발 개편할 생각을 하세요","부정","0","0"
"2025-10-14 11:39:29","5","추천웹툰 돌려줘","긍정","2","0"
"2025-10-14 08:33:10","5","여러 장르로 종류별로 볼수 있어서 작화도 마음에 들어요.","긍정","0","1"
"2025-10-14 06:56:33","1","개연성없는 노잼만화 광고하고 추천하는 수준... 하 내시간","부정","2","4"
"2025-10-14 00:38:56","1","워치도 챙겨주시오","부정","0","0"
"2025-10-14 00:03:31","5","카카오보다 보기 훨씐 편함 네이버가 일은잘함","긍정","0","0"
"2025-10-13 18:25:58","5","말해뭐해 꿀잼상자","긍정","3","0"
"2025-10-13 17:13:00","5","웹툰때매 쓴돈만 오억넘는거같아요 넘 재미써요","긍정","0","0"
"2025-10-13 14:54:59","5","👍","긍정","0","0"
"2025-10-13 14:43:43","3","도대체 쿠키를 왜 제대로 안주나요? 맨날 뭐 회원가입 하고 앱 설치하고 이벤트 참여를 여러번 해도 주는 경우가 많이 없어요. 인식이 대체 어떻게 돼서 이런건지;; 이벤트 문의 해도 답변 온적도 없고 쿠키 준적도 없고...심지어 처음에 안줘서 다시 하면 이미 참여했다고 인식하는지 그냥 참여도 안돼요. 이럴 땐 그냥 빡쳐서 돈 지르는데 이게 목적인건가요? 원래는 그냥 넘기는데 이번에는 정말 화가 나서 리뷰 씁니다. 제발 좀 쿠키 제대로 주세요. 이런 식으로 운영할거면 아예 무료 쿠키 이벤트를 하지 마시던가요. 회원가입이나 캐릭터 생성같은 이벤트 참여했다가 못 받은게 진짜....시간만 버리고 짜증은 나고 결국 돈 써서 돈 버리고...물론 제대로 준 적도 있긴 하지만, 이런 랜덤 뽑기하는 기분으로 이벤트 참여를 해야 합니까? 쿠키 안줄거면 문의 했을 때 못준다고 말이라도 해주세요. 앱 자체는 몇 년간 애용하며 쓰고 있지만, 이런 사소한 문제들로 스트레스 받는건 진짜 아닌것 같아요.","부정","0","2"
"2025-10-13 14:38:11","5","제일좋아요","긍정","2","0"
"2025-10-13 14:33:23","5","좋아요~ 편하게 되어있습니다.","긍정","2","0"
"2025-10-13 14:09:18","1","도파민 안 필요하다고 컷츠 관심도 없는데 왜 자꾸 보라고 띄우냐","부정","0","0"
"2025-10-13 10:29:19","5","전독시","긍정","0","0"
"2025-10-13 03:50:37","5","굿","긍정","0","0"
"2025-10-12 22:47:17","5","재밌고 좋아요","긍정","2","0"
"2025-10-12 13:54:07","1","네이버로 로그인 좀 만들어 줘라 ㅡㅡ","부정","0","0"
"2025-10-12 11:14:35","5","화이잉!!!!","긍정","0","0"
"2025-10-12 10:34:02","5","어릴때부터 저의 재미를 책임져주는 애정하는 앱이랍니다","긍정","0","0"
"2025-10-12 07:32:21","5","버그가 없었으면 좋겠습니다!!!","긍정","0","2"
"2025-10-11 13:57:14","5","굿","긍정","0","0"
"2025-10-11 12:19:33","5","해피페이스 꿀잼","긍정","3","0"
"2025-10-11 02:53:08","5","재미 많네요 별 5개 줘서요 추억도 있는 만화도 있네요 추억 좋네요","긍정","1","0"
"2025-10-11 01:27:51","1","광고가 너무 많이 떠서 사용하기 어려워짐","부정","0","1"
"2025-10-10 19:06:59","5","유료 시스템은 어쩔 수 없겠지만...그래도 유료 시스템 조금만 줄여주세요..유료 많은 거 빼면 다 좋습니다","긍정","1","0"
"2025-10-10 16:33:14","5","좋아요","긍정","2","0"
"2025-10-10 15:52:58","5","굿","긍정","0","0"
"2025-10-10 14:13:06","5","좋은 앱 만들어주셔서 감사합니다..","긍정","1","0"
"2025-10-10 10:49:06","5","무료쿠키얻을려고 많은 광고를 봐왔지만 참여할때마다 안되는경우가 많더라고요. 그럴때마다 메일을 보내는데도 안주는 경우가 많고요. 참여를 했다고 캡처해서 보냈는데도 무료쿠키를 안주더라고요. 못받은것만해도 몇십개는 될텐데.. 그럴때마다 미리보기를 굳이 쿠키로 봐야하나라는 생각이 들더라고요. 참여를 했고 쿠키를 안줘서 참여한 캡처사진을 보내도 안주시는데.. 그래서 쿠키를 얻을려고 광고를 봐도 쿠키를 '안'주시기때문에 이제 쿠키써서 미리보기 안볼려고요. 나중에 무료쿠키 못받은거 받으면 그때 다시 쿠키얻어서 미리보기를 보겠습니다. 그때까진 뭐..","긍정","0","1"
"2025-10-10 07:45:06","5","찐 잼있음","긍정","0","0"
"2025-10-10 07:35:17","4","다 좋아여ㅕ","긍정","1","0"
"2025-10-10 01:42:09","1","쓰레기앱","부정","0","0"
"2025-10-09 14:32:39","5","네이버의 본체는 웹툰","긍정","0","0"
"2025-10-09 13:08:14","5","전독시,외지주,작두,김부장,다육이는잘자란다,화산귀환,내가키운s급들,현실퀘스트,싸움독학, 꼭 봐보세요 진짜 ㄱ재밌습니다","긍정","0","0"
"2025-10-09 01:44:27","1","여혐 고쳐라 자존심만 세울줄 아는 놈들아","부정","0","0"
"2025-10-09 01:14:08","4","여직껏 잘됐어요. 근데 쿠팡 통해 구매한게 적립이 계속 안돼요. 확인좀 해주세요.","긍정","0","0"
"2025-10-09 00:26:21","5","너무 😀","긍정","0","0"
"2025-10-09 00:06:45","5","맨날 심심할때 잘보는중","긍정","0","0"
"2025-10-08 23:47:29","5","👍👍👍👍👍","긍정","0","0"
"2025-10-08 18:59:39","5","웹툰 편하게 볼수 있어서 감사해요 네이버 웹툰 화이팅!","긍정","1","0"
"2025-10-08 18:23:09","1","웹툰 버튼을 눌렀는데 자꾸 앵클브레이커인지뭔지로 강제이동함 내가왜 웹툰 조회수를 늘려줘야하는거지","부정","0","0"
"2025-10-08 16:17:59","5","찐짜 이거만든 사람 상 줘야함","긍정","0","0"
"2025-10-08 14:50:33","5","사랑해요","긍정","0","0"
"2025-10-08 11:03:40","5","흐흐 좋아용","긍정","1","0"
"2025-10-08 10:14:36","5","재밌음","긍정","0","0"
"2025-10-08 10:07:12","4","5년 째 사용하고 있는 유저입니다. 업데이트가 될 때마다 좋아지긴 커녕 더 터치 해야 하는 불편함과 웹툰이 눈에 띄기는 커녕 복잡해 뭘 봐야 할지 모르겠는 혼란 속에서도 계속 믿고 사용해 왔습니다. 네이버 웹툰은 과거의 저에게 빼놓을 수 없는 존재였고 유일한 안식처였습니다. 하지만 현재의 저는 웹툰과 멀어졌습니다. 다시금 과거의 기억을 떠올려 웹툰의 행복을 찾으려 해도 너무 많은 웹툰과 빽빽하게 나열된 웹툰 속에서 단 한 번의 터치가 망설여집니다. 그리고 그 터치한 웹툰이 결국 양산형에, 뻔한 클리셰, 흔해 빠진 스토리의 웹툰인 경우 웹툰을 좋아하는 마음이 사라지기 마련입니다. 심지어는 스튜디오를 통한 연재는 작가님들이 하차하고 그림체가 바뀌고 연재가 중단되는 일들이 꽤 많다고 느낍니다. 좋아하는 작품이었음에도 결말조차 못 보는 상황을 더는 마주하고 싶지 않습니다. 그리고 그림체만 예쁘다고 다가 아니고, 노블코믹스라고, 자극적이라고 다가 아니잖습니까. 옛날의 네이버웹툰이 그립습니다.","긍정","1","5"
"2025-10-08 05:38:57","5","굳","긍정","0","0"
"2025-10-08 05:16:08","5","책무료많음","긍정","0","0"
"2025-10-08 03:20:38","5","불편사항? 딱히 없고 그냥 시간 때우기 좋고 재밌음 ㅇㅇ","긍정","0","2"
"2025-10-08 00:54:11","5","거이무료다싶이혜택이너무많아요","긍정","0","0"
"2025-10-07 19:44:56","5","좋아좋아좋아","긍정","1","0"
"2025-10-07 16:39:56","4","요즘 네이버웹툰이 한국 웹툰이 자주 나오다보니까 재밌고 코믹있는 웹툰을 보니까 너무 좋아요. 그리고 항상 웹툰을 볼때마다 꿀잼각이고 모두의 사람들이 네이버웹툰을 보고 있을듯한 소설과, 로맨스, 현대로맨스 등등 진짜 너무 재밌어요^^네이버웹툰을 만드시는 작가님들 웹툰을 너무너무 재밌게 만들어주시고 웃긴 장면들도 만들어주신분들은 다 코믹성이 있는 대표작으로 나올 것 같아요~! 그리고 좀 더 추가 해서 말하자면 네이버웹툰 진짜 재밌어요＼(^^)／","긍정","9","0"
"2025-10-07 15:22:01","4","불편한 점도 몇 있겠다만 앱 자체에 있는 작품들에 한해서 보자면 남성 인기 랭킹들은 다 가짜 양산형 격투물 뇌절들만 있으니 진짜 그냥 로맨스나 이런 것들이 진짜 진국이니까 본다면 이런 로맨스류를 추천함. 후유증은 장담 못 함.","긍정","2","2"
"2025-10-07 15:07:37","5","너무좋아요 재밋는웹툰도있어서 집순이들은 꼭 이앱 추천해요~","긍정","4","0"
"2025-10-07 12:23:28","5","👍","긍정","0","0"
"2025-10-07 10:14:38","5","너무 재밓는것들이 많이 잏어섲좋아요","긍정","2","0"
"2025-10-07 08:52:00","5","잘보고있어요!!","긍정","0","0"
"2025-10-07 08:47:17","5","좋음","긍정","0","0"
"2025-10-07 06:21:50","1","병 신 앱","부정","0","0"
"2025-10-07 05:26:58","5","최고다","긍정","3","0"
"2025-10-07 05:15:14","5","너무 재밋고 단점은 없어요","긍정","0","0"
"2025-10-07 02:40:18","5","그냩","긍정","0","0"
"2025-10-07 01:10:58","1","네웹 잘쓰고는 있지만 요즘들어 자꾸 광고에 유료회차 스포가 뜨는데 뭐 돈쓰라고 꼽주는것도 아니고 광고할거면 무료회차 내용을 광고로 쓰던가 다음주 무료회차도 아니고 가장최신에 올라온 유로회차면 5주는 있어야하는 내용을 일주일내내 스포하는게 말이되냐 스포성 광고를 없애던가 끌수있게 해줘야지 독자에게 스포하는게 웹툰파는 입장에서 하는행동인가 어이가없네","부정","0","1"
"2025-10-07 01:09:19","5","굿","긍정","0","0"
"2025-10-07 01:07:26","5","봣는데 리ㅠㅂ 할 틈듀 없이 재밋게 봣어용","긍정","0","0"
"2025-10-06 23:16:35","5","웹툰 사이트중 제일좋음","긍정","0","0"
"2025-10-06 17:07:29","5","걍 말이 필요없음 무조건 까셈","긍정","0","0"
"2025-10-06 15:29:21","3","컷츠 보라고 화면 중간에 작게 띄우는거 겁나 거슬림 ㅡㅡ","중립","0","0"
"2025-10-06 12:09:31","3","최근들어 계속해서 로그인 후 이용하라는 메세지가 떠서 로그인을 했더니 특정 시점 이후로 기록이 멈춘 것 처럼 관심 웹툰에 저장된 작품들이 상당수 사라졌습니다. 최근 본 작품은 정상적으로 작동하는것 같은데, 이미 완결된 작품이나 휴재 기간이 오래되서 검색하기 어려운 작품이 있어서 만약 버그라면 수정해주시길 바랍니다.","부정","0","2"
"2025-10-06 10:12:26","5","진짜 재밌고 그냥 다 재밌으니까 저 믿고 한번만 깔아보시죠:3","긍정","0","0"
"2025-10-06 05:41:28","5","웹툰의 입문 20년전도 네이버웹툰","긍정","0","0"
"2025-10-06 04:44:56","5","굿","긍정","0","0"
"2025-10-06 03:04:02","5","아주좋은 앱ㅎ","긍정","0","0"
"2025-10-06 02:02:53","5","상상력이 풍부한 재밋는 만화","긍정","0","0"
"2025-10-05 23:57:20","5","강아지 별이라는 웹툰인데 1 화2화 부터 슬퍼졌어요","긍정","0","0"
"2025-10-05 23:06:35","5","이거너무좋아요! 차탈때,지하철탈때,기차탈때,비행기탈때등 심심하지않아요^.^ 추천드림니다!!!!!","긍정","4","0"
"2025-10-05 17:24:15","5","쿠키 비싸진거 말고는 웹툰 탑티어😍😍","긍정","0","0"
"2025-10-05 16:35:33","1","갈수록 그림체는 이상하고 등장인물들도 다문화 가정이 되어가네..","부정","0","0"
"2025-10-05 13:41:56","5","조아조아","긍정","0","0"
"2025-10-05 13:12:33","5","다 잘하늘 히어로 너무나도 꿀젬 별점5점:D","긍정","0","0"
"2025-10-05 12:14:12","5","제미있어요!","긍정","0","0"
"2025-10-05 11:32:17","5","굿","긍정","0","0"
"2025-10-05 09:25:17","1","팝업 작작좀해라 하루에20번은 넘게 팝업띄우는거 좀 작작해","부정","0","0"
"2025-10-05 08:07:38","3","검색 방법 수정이 필요해요. 좀비파파 찾는데 좀비 쳤는데 안떴어오ㅡ","중립","0","0"
"2025-10-05 07:31:08","5","다 제가 좋아할 만한 웹툰이 많아서 좋아요","긍정","2","0"
"2025-10-05 06:48:12","5","너무 조아요:)","긍정","0","0"
"2025-10-05 06:44:22","5","좋아요","긍정","2","0"
"2025-10-05 05:46:56","5","너무 좋아요^^","긍정","2","0"
"2025-10-05 05:29:51","5","작두라는 웹툰 보고있었는데 너무 재미있어요 다른겄도 재미 있을 꺼라 및어요","긍정","2","0"
"2025-10-05 03:09:37","5","네이버 계정없이 그냥 보는 1인인데요 그냥 다 너무좋아요💗💗","긍정","2","0"
"2025-10-05 02:51:26","4","24시간 후에 무료로 보게 하면 매일 조금씩 늦게 보게 되는데.. 각자 여유시간에 볼 수 있도록 매일 출석체크하면 볼 수 있게 하는 식으로 변경되면 좋겠네요.","긍정","0","0"
"2025-10-04 23:00:38","5","기능도 많아지고 편의성도 개선되는건 좋은데 쿠키 굽기가 너무 귀찮음 미리보기 할때 난 대여는 말고 소장 소장만 히는데 옵션이 대여 하나 밖에 안나오고 일일이 귀칞게 점표 3개 짜리 누르고 소장해야 되는게 너무 싫음 더군다나 잘못 누르면 다른 페이지로 이동하는데 또 일일이 들어외서 점 3개 누르고 또 소장 눌러야됨 그냥 첨부터 대여/소장이 나오도록 해주면 좋겠음","긍정","0","0"
"2025-10-04 13:20:26","5","편리하고, 이어보기가 좋습니다.","긍정","1","0"
"2025-10-04 12:13:00","4","항상 잼있게 보고 있음 나만 그렇게 생각 하는지 몰라도 최근엔 쿠키 이벤트가 살짝 줄은 느낌..","긍정","0","0"
"2025-10-04 12:10:18","5","😀","긍정","0","0"
"2025-10-04 07:27:53","5","굳","긍정","0","0"
"2025-10-04 07:09:41","1","쿠키로 보면 3개 돌려준다길래 썼더니 유통기한있는 쿠키로 돌려줘??? 이거 사기 아니냐?!!!!","부정","0","0"
"2025-10-04 05:42:25","5","99강 나무빠다 개존잼","긍정","3","0"
"2025-10-04 02:56:39","5","잘보고갑니다","긍정","0","0"
"2025-10-03 23:28:27","5","진짜제밌고그냥만능임..ㄷㄷ","긍정","0","0"
"2025-10-03 23:02:22","5","웹툰 잘보고 있ㅇㆍㄱㅇ노","긍정","0","0"
"2025-10-03 21:44:42","1","미션 미치셧어요? 1화당 3개 들어가는 유료판 5개 보면 쿠키 3개 준데요.. ㅋㅋㅋㅋ 게다가 다른건 30개 쓰고 쿠키 6개 준데요? ㅋㅋㅋ 장난하나? 차라리 안보고 말지 에초에 볼만한것도 안올려두고 비싼거 보고 조금 가져가는 미션이면 사람들이 하긴하니? ㅋㅋㅋ 미션을 줄거면1개당 200원하는 유료 2개 보고 쿠키 30개 받기 이런식으로 해야 사람들이 많이 하지 않을까? 이건뭐 배보다 배꼽이 더 크지 않냐? 이것들아? 이래서 내가 미션을 안한다 ㅋㅋㅋㅋ 에초에 미션 이번 명절 전엔 거이 안했음 ㅋㅋㅋㅋ 명절 다가오니까 이것들 돈 빨아먹으려고 미션 건거 잖냐? 모를거 같니? ㅋㅋㅋㅋ -미션을 발행해서 유저분들께 많이 홍보 하고 싶으면 거이 무료 같은 느낌으로 뿌려라 어떻게든 본인들이 더 많이 쳐먹을 생각 말고 ㅋㅋㅋㅋ 저도 유료 의외로 보는 편인데 재미 없거나 소재 떨어진 느낌의 웹툰이면 중간에라도 안봄 특히 중국 웹툰 보면 딱 그 느낌 아니까? 생각없이 스토리 비비꼬아놓고 끝네는거","부정","0","0"
"2025-10-03 15:18:12","5","청명하나로 모든게 설명됨.화산귀환","긍정","0","0"
"2025-10-03 10:52:12","1","일부 콘텐츠가 네이버앱 모바일.PC버젼에서는 막히고 왜 웹툰앱으로만 볼 수 있는지 이해가 안 되네요.","부정","0","0"
"2025-10-03 10:43:56","5","너무좋아요ㅠㅠㅠㅠ","긍정","2","0"
"2025-10-03 06:30:21","4","♡♡♡♡♡","긍정","0","0"
"2025-10-03 02:18:07","5","네이버 웹툰 최고 잼나요!","긍정","3","0"
"2025-10-03 01:48:23","4","와우 재밌다...근데 그 로맨스꺼 아이들은 못들어 가게 하는게 괜춘","긍정","2","0"
"2025-10-03 00:51:04","5","굳","긍정","0","0"
"2025-10-02 20:23:18","5","재밌다","긍정","2","0"
"2025-10-02 19:30:07","1","광고창 다시보지않기 눌러도 매번뜸","부정","0","1"
"2025-10-02 11:44:09","5","흠잡을때가 없음","긍정","0","0"
"2025-10-02 10:02:54","5","뭐 말할게 있나ㅋ","긍정","0","0"
"2025-10-02 09:19:22","4","4.5점 주고싶은데 없어서 4점 진짜 한 4.4점되는듯? 요일별, 신작 추천은 매우훌륭하지만 '~독자의 관심픽'에 비슷한거 너무 많이뜸 심지어 '이런건 어떠세요?'도 비슷한게 나옴 그래서 다른장르의 재밌는 신작 또는 연재작에 탑승하기 매우어려움 웹툰의 특성상 중반부로 갈수록 탄탄해지는 작품들도 있기에 누적상승이나 그런것도 지표로 삼아서 만들수있다면 좋을듯","긍정","2","0"
"2025-10-02 00:02:51","5","good","긍정","0","0"
"2025-10-01 23:03:51","5","굳","긍정","0","0"
"2025-10-01 18:25:53","5","최고","긍정","3","0"
"2025-10-01 17:42:17","5","너무 재밌고 좋은앱이예요!","긍정","0","0"
"2025-10-01 13:36:47","1","앙❤","부정","0","0"
"2025-10-01 12:06:20","5","웹툰 이거 너무 재밌어요! 왜냐면 관심웹툰 설정도 좋구요, 로그인만 해도 좋은 기능들을 많이 쓸 수 있고, 쿠키 3개만으로도 1회차를 더 볼수있어 좋습니다!(웹툰마다 다를수도 있지만요) 근데 쿠키가 하루에 없어지는 게 아쉽습니다. 제 욕심일 수도 있겠지만, 쿠키 주는 날?에 쿠키 2개 말고 3갤 주셨으면 좋겠습니다.. 이거 너무 반영됐으면 좋겠어요.. 글고 웹툰이 너무 재밌어서 빠져듬.. 웹툰 추천 해드릴게요!! 제가 추천드리는 웹툰은 전지적 독자 시점, 베이비폭군, 청춘계시록 등등이 있는데 전 학생이라서 걍 이정도만 봤습니다. 아! 마지막으로 '중간에서 만나' 도 넘 재밌어요!! 어..? 이렇게 리뷰를 길게 썼었..네요?? 암튼 네웹 강추!!♥︎","긍정","10","0"
"2025-10-01 09:32:22","5","very good","긍정","0","0"
"2025-10-01 08:53:20","5","무료로 볼 수 있어서 참 좋네 30년 지나서 웹툰이라는 것을 처음 보는데 좋내요","긍정","1","0"
"2025-10-01 06:06:39","5","굳","긍정","0","0"
"2025-09-30 23:54:23","5","와 샌즈!","긍정","0","0"
"2025-09-30 23:50:02","5","특정 웹툰만 새 회차 알림이 오지 않는데 왜그럴까요 재설치해봄, 알림 껐다켜봄, 절전모드 아님, 인터넷 잘됨, 특정 한 웹툰만 알림이 오지않음","긍정","0","0"
"2025-09-30 14:23:49","5","너무 재미있어요!","긍정","2","0"
"2025-09-30 14:21:18","5","잼납니다.","긍정","0","0"
"2025-09-30 12:58:28","5","미리보기를 보면 이제 멈출수없습니다","긍정","0","0"
"2025-09-30 12:30:26","5","네이버웹툰이 최고!","긍정","3","0"
"2025-09-30 10:04:43","5","다양한 웹툰이 있어서 좋아요!","긍정","2","0"
"2025-09-30 04:16:12","5","제밌다 즐겁다.","긍정","0","0"
"2025-09-30 02:12:15","3","스크롤 하다가 버그 나서 스포 당했어요..","부정","0","2"
"2025-09-30 00:42:17","5","앱 써보니 살짝보기 개 귀찮네요 뒤로갔다 오면 살작보기 또보고 또보고ㅡㅡ 그냥 0화 띄워주지","긍정","0","0"
"2025-09-29 13:09:49","5","웹툰을 보기 편해서 좋다","긍정","1","0"
"2025-09-29 12:13:26","3","어처구니없는 분량의 웹툰도 있지만 대게 잘 보고 있어요","중립","0","0"
"2025-09-29 11:58:10","5","다양한 웹툰 컨텐츠를 경험 할 수있는 플랫폼. 독자의 니즈를 충족하기 위한 추천 방식이 역으로 추천 한 것 밖에 볼 수 없다는 함정. 겹치는 장르와 비슷한 스토리가 많음. 하지만 다음웹툰 보다 나은 점은, 현질 유도가 적은 편이라 생각됨. 그러다 보니 좋아하는 작가에게 열심히 쿠키를 구워 줄 수 있다아.","긍정","3","0"
"2025-09-29 11:28:45","4","원래는 지루할 것 같았는데 지금은 즐겨보고 있어요.","긍정","0","2"
"2025-09-29 10:26:01","5","좋아요!!!쟁겨두기좀 되면 좋겟어옹","긍정","2","0"
"2025-09-29 03:52:30","1","언젠가부터 무료충전 하나 둘 금액 줄이더니 네이버 쿠팡은 거의 안하는 수준. 아깝냐?","부정","0","0"
"2025-09-29 02:54:07","5","노래도 같이 나와서 이입하기 더 좋네요 좋은 사용자 경험 입니다 ㅎ","긍정","1","0"
"2025-09-28 22:21:56","1","광고 하루끄기 마져 없어져버린 그저 고트 돈쓰기 싫게하네","부정","0","1"
"2025-09-28 17:01:13","5","잼있어요!!!","긍정","0","0"
"2025-09-28 12:08:10","5","사랑해 네웹","긍정","0","0"
"2025-09-28 11:34:07","5","정말 좋아요","긍정","2","0"
"2025-09-28 11:06:12","5","겁나 불편하네 라고 적어뒀는데 ㄱ안남 이제 익숙해져서 그런가 뭔가 바뀌고나서 다시 사용한건가 잘쓰고있음 근데 무료쿠키 쿠팡은 사라진건가요?","긍정","0","2"
"2025-09-28 09:02:11","1","쿠팡 쿠키이벤트 왜 없어짐!!!!!!!!!@","부정","0","0"
"2025-09-28 07:10:57","5","항상재밌게보고있어용 최고최고","긍정","3","0"
"2025-09-28 04:48:40","5","생활속의 큰 즐거움!","긍정","0","0"
"2025-09-28 03:19:08","5","심심할때 보기좋고 제가 쓸때 제기준으로 렉이 별로 안걸리고 가끔씩 쿠키주는것도 해주셔서 강추!","긍정","3","1"
"2025-09-28 02:05:31","5","좋아요 편리해요","긍정","2","0"
"2025-09-28 01:04:04","5","굿","긍정","0","0"
"2025-09-27 16:34:34","4","좋음","긍정","0","0"
"2025-09-27 10:42:11","5","최근 좋은작가 많이 들여오는거깉아서 좋아요","긍정","2","0"
"2025-09-27 04:03:43","5","매우 굳","긍정","0","0"
"2025-09-26 23:36:06","4","언어는 변경할수 없는건가요?","긍정","0","0"
"2025-09-26 15:29:36","5","좋다","긍정","1","0"
"2025-09-26 11:08:09","5","재밌으","긍정","0","0"
"2025-09-26 09:22:28","5","유료를 무료로 볼수있어서 좋아용~~♡","긍정","1","0"
"2025-09-25 13:36:27","5","깔아 보면 암","긍정","0","0"
"2025-09-25 11:34:35","5","재밋네요","긍정","0","0"
"2025-09-25 10:53:22","5","쿠키 무료주는거는 ㄹㅇ 개좋음","긍정","0","0"
"2025-09-25 10:12:44","1","아니 실수로 눌렀는데 시청기록 안지워져서 너무 짜증나요 시청기록으로 회색으로 뜨는것도 싫고 보지도않았는데 하 최근본에서 삭제되는거 알겠는데 그냥 역겨운거를 눌러서 본거자체를 없애고싶어요 누가 보면 어쩌라고 기분매우나쁩니다","부정","0","2"
"2025-09-25 09:02:54","5","재밌고 쿠키를 여러 방면에서 모을 수 있어 좋아요~~","긍정","2","0"
"2025-09-25 05:53:07","5","늘 잘보고 있어요^^","긍정","0","0"
"2025-09-24 17:03:06","5","너무 좋아요","긍정","2","0"
"2025-09-24 14:19:43","1","광고 닫아도 또뜨고또뜨고또뜨고 웹툰볼때마다또뜨고 일러스트는뭐 맨날 홍조처띄우고 천박한일러스트투성이 개역겨워짐","부정","0","1"
"2025-09-24 11:47:51","5","진심 개조아요.최애 앱이야 진촤…ㅜ네이버 웹툰 없으면 못살듯??…ㅜㅜㅜㅜㅜ네웹 추천 좀 추천해 주지는 못하겠지만ㅜ으엉…","긍정","2","0"
"2025-09-24 07:42:34","1","내가 보는건 뒤로, 안보는걸 추천에 넣는게 뭐가 알아서 딱이냐???","부정","2","0"
"2025-09-24 02:12:17","1","관심웹툰 푸시알람 자꾸 띄우는거 좀 없애거나 다시는 안 볼 수 있도록 선택으로 놔두면 안됩니까? 관심웹툰 등록 원하지 않는 사람도 있는데 독자들이랑 기싸움하는것도 아니고 일주일동안 보지않기 선택으로 누르는건 다음주 연재때 또 띄우겠다는 얘기 아닙니까? 원치않는 알람뜨는게 얼마나 스트레스 요소인데 기싸움하는것도 아니고 안하겠다는 독자한테 '일주일동안 보지않기'같은 의미없는 항목에 체크까지하면서 꾸역꾸역띄우는건 대체 뭐하자는건지 알수도 없고 반발심리만 듭니다. 관심웹툰 알람 다시는 보지않기 체크를 만들거나 설정에서 안 볼 수 있도록 선택으로 놔두는게 그렇게 어렵습니까 기싸움하는거아니면 관심웹툰같은건 그냥 선택의 영역으로 놔둬주세요 제발 웹툰볼때마다 스트레스받아서 끊을까 생각까지합니다","부정","0","0"
"2025-09-24 00:07:50","5","항상 즐겁게 잘 보고 있습니다.","긍정","0","0"
"2025-09-23 23:24:01","5","ㅈㅅ 쿠키들어옴","긍정","0","0"
"2025-09-23 23:21:16","5","좋다","긍정","1","0"
"2025-09-23 22:31:28","5","잼밌음","긍정","0","0"
"2025-09-23 11:40:00","4","쿠키로 다음화를 볼수 있는게 너무 아쉽네요. 다른건 다 좋아요! ㅎㅎ","긍정","2","0"
"2025-09-23 09:39:39","5","너무 좋아요","긍정","2","0"
"2025-09-23 07:29:05","5","원래 웹툰은 로맨스만 있는 줄 알았는데 친구 추천으로 깔아보니까 스릴러도 꽤 재미있고 로맨스도 내가 보기에 괜찮을 정도라 로맨스 싫어하는 사람도 이 앱 추천요!!","긍정","4","0"
"2025-09-23 05:33:50","5","네이버 웹툰 최고👍","긍정","3","0"
"2025-09-23 00:26:44","5","잘 활용하고 있습니다","긍정","0","0"
"2025-09-23 00:23:38","5","사용하기 너무 편하고 좋습니다 감사합니다","긍정","2","0"
"2025-09-22 23:55:15","2","웹툰이랑 시리즈 워치에서 돌아가게 해주세요. 웹툰은 무료만 봐지고 유료는 제가 대여했어도 안 봐지고 앱 깔라고 하네요. 꼭 보고 싶습니다","부정","0","0"
"2025-09-22 20:36:09","5","아주 좋음","긍정","0","0"
"2025-09-22 15:38:58","1","아니 광고를 다시 보지않기 누르면 안떠야지 또 다른작품 광고하고 다시 눌러도 광고하고 뭐하자는거죠?","부정","0","1"
"2025-09-22 13:54:29","5","재밌어요","긍정","4","0"
"2025-09-22 12:06:17","5","갈수록 편해지네요","긍정","0","0"
"2025-09-22 11:27:13","1","컷츠인가 뭔가 업뎃하고 기다리면 무료 자리를 차지하고있는게 기다리면 무료는 어디서 봐야하죠? 컷츠좀 빼고 기다리면 무료를 넣고싶어요 하단 UI에 개불편하게 해놨네 그냥 하단 ui 선택하게 해주셈","부정","0","2"
"2025-09-22 05:30:30","5","굿","긍정","0","0"
"2025-09-22 03:39:54","5","좋음","긍정","0","0"
"2025-09-21 23:12:39","1","매일무료탭 없어진거 매우 불편","부정","0","2"
"2025-09-21 19:21:36","5","2019년-네웹툰 진짜 재밌음 끊고싶지만 끊을수가없다 증말 2025년-아직까지 잘 이용중인 네웹툰!! 다양항 장르로 제대로 즐기고 있어요!! ♡","긍정","0","0"
"2025-09-21 16:15:42","5","너무 좋아요!! 이때까지 이렇게 좋은 웹툰이 있었는지 몰랐는데!! 장르도 다양해서 좋아요!! 강추!!","긍정","5","0"
"2025-09-21 13:20:35","2","컷툰 넘어가는 부분 집어치우고 추천완결탭 있던 부분 다시 돌려주시면 안되나요? 진짜 불편함 요즘 sns릴스 형식이 유행하는건 알겠다만 네이버웹툰은 안하는게 나을거 같아요","부정","2","2"
"2025-09-21 12:59:52","5","좋아요","긍정","2","0"
"2025-09-21 07:46:24","5","so very good","긍정","0","0"
"2025-09-21 04:33:32","1","갑자기 비밀번호 혼자서 바뀌더니 그래서 비밀번호 재설정 하려고 하는데 인증번호 받고 인증번호 썼는데 횟수초과 이딴거나 떠요 처음 쓴건데 이제 네이버 웹툰 안볼꺼 같네요 ㅡㅡ","부정","0","0"
"2025-09-21 02:23:09","5","좋음","긍정","0","0"
"2025-09-20 23:56:38","5","그냥 아닫 최고","긍정","3","0"
"2025-09-20 22:58:38","5","꾸준히 재미있게 보고 있습니다","긍정","2","0"
"2025-09-20 16:43:54","5","잘쓰고 있습니다 다만 원래는 작품을 편집할때 편집버튼만 누르면 됐는데 업데이트 이후에 굳이 점 세개를 누르고 편집버튼을 눌러야 하는게 불편합니다","긍정","0","2"
"2025-09-20 16:01:28","5","여러분 꼭 보셔야해요 웹툰 짱","긍정","0","0"
"2025-09-20 15:47:30","5","오랫동안 이용중인 구족자인데요 너무너무 웹툰을 좋아하고 재미있고요 재미있게 웹툰을 잘 보고 있습니다 그림 그리고 글 쓰느라 고생이 많으시겠어요 오래오래 해주시고 힘내세요~~","긍정","3","0"
"2025-09-20 15:21:20","5","BGM이 포함된 회차들에 자동 스크롤 기능이 도입되었으면 좋겠습니다. 이야기 전개에 맞게 BGM을 설정하셨을텐데 사람마다 읽는 속도가 달라, 작가분들이 의도하신 효과가 100% 구현되지는 않는 것 같습니다. 작가분들이 BGM에 맞추어 스크롤 속도를 설정하고 그에 맞게 화면이 자동으로 스크롤되는 기능이 생겼으면 좋겠습니다.","긍정","0","0"
"2025-09-20 15:08:12","5","21일 현재 앱 실행이 안되네요","긍정","0","0"
"2025-09-20 13:21:22","5","쿠키 결제가 안 되네요 오류가 났다는데 데이터 키고 해봐도 와이파이 키고 해봐도 계좌 옮긴다음에 해봐도 안됩니다 고쳐주세요","긍정","0","2"
"2025-09-20 12:43:50","5","네이버 웹툰 너무 좋아요!!!","긍정","2","0"
"2025-09-20 12:36:02","5","굿","긍정","0","0"
"2025-09-20 10:43:10","5","이건..뭐 거의 카카오톡 수준으로 약간 기본앱 같은 느낌이라 함부로 평가도 못하겠음ㄹㅇ 그냥 좋아요","긍정","2","0"
"2025-09-20 08:54:09","5","웹툰 꾸준히 쿠키도 굽고 꾸준히 보는 프로 웹툰러입니다 (보통 1000개씩 2-3달에 한번씩 구움) 아쉬운점은 옛날에는 무료로 나온 웹툰은 그냥 캡쳐가 되서 짤로 쓰기 좋았으나 요즘은 네이버 마크가 붙어서 거의 안쓰게 되었고, 제가 보는 웹툰이 너무 많은데 자꾸 보던것만 상위에 뜨니 옛날에 보던게 묻혀버리더라고요 그 친구들만 따로 모아서 추천해주는 잊어버리신 웹툰란을 만들면 좋을듯해요 (최근 본 칸도 옛날에 보던걸 찾아보기 힘듦) 혹은 곧 완결 날것같으면 곧완결!! 이런식으로 팝업을 띄워도 좋을듯 해요 그리고 쿠키 3개에서 더 올리는 웹툰이 생긴다면.. 이걸 통해서는 안볼듯해요...ㅠ 장점은 다른 분들도 말하다시피 좋은 웹툰을 무료로 즐길 수 있고, 재밌습니다!!(제일 강점) 쿠키도 제가 많이 굽는거지 무료로 많이 보실 수 있어요! 그리고 요새는 트랜드가 바뀌어서 그런지 옛날보다 성인분들이 즐길 수 있는 고수위 웹툰도 많이 생겼어요 (옛날 생각하면 선녀임 요새) 글자수 제한ㅠ","긍정","2","0"
"2025-09-20 06:00:34","5","최고","긍정","3","0"
"2025-09-20 01:58:42","5","빠름","긍정","0","0"
"2025-09-19 16:54:12","5","하루에 3시간봄","긍정","0","0"
"2025-09-19 16:53:57","5","love","긍정","0","0"
"2025-09-19 16:31:24","1","버그 너무 심함","부정","0","2"
"2025-09-19 13:59:40","5","좋아요","긍정","2","0"
"2025-09-19 12:23:02","5","good good good good","긍정","0","0"
"2025-09-19 11:53:52","5","내가 원하는 웹툰을 볼 수 있어서 편하고 유튜브쇼츠로 나오던것도 볼수있었다.","긍정","0","0"
"2025-09-19 10:18:15","1","불매","부정","0","0"
"2025-09-19 09:29:11","5","재밌슴","긍정","0","0"
"2025-09-19 08:47:46","5","2019/대체 어디로갔나요? 실수인듯 한데 어서 복구해주길 바라요 2025/굉장히 편리하고 즐겁게 이용중입니다. 지금은 없어진 스마트툰도, 독자의 사진을 캐릭터의 얼굴에 대입한 만화나 컨테츠도, 요즈음엔 쇼츠까지 다양한 시도들이 기억나네요. 매일+알림이랑 홍보 알림은 정말 만족스럽습니다. 그렇지만 어제 컷툰을 보는데 한 컷이 아예 증발한 경우가 있었어요. 어플을 껏다키니까 정상작동 되긴 해서 큰 문제는 아니었습니다. 현재 매우 만족스럽게 사용중이며 앞으로도 잘 부탁드리겠습니다.","긍정","0","0"
"2025-09-19 07:46:27","5","구글 플레이 포인트로 쿠키 3랑 5개를 구매 했는데 안 들어오네요","긍정","0","0"
"2025-09-19 06:08:38","5","왕자님이 특짱 좋아하셔용","긍정","1","0"
"2025-09-19 00:39:03","1","일시적인 오류가 발생했습니다 라고 써지고 그림들을 볼수가 없습니다. 와이파이 데이터 전부다 안됩니다. 외모지상주의 최근화(573화 인천) 구입해서 보려고 켰는데 구입만되고 그림들이 사라졌어요...... 제발 고쳐주세요!!!!","부정","0","2"
"2025-09-18 18:06:52","1","텐센트","부정","0","0"
"2025-09-18 14:58:18","5","오류 없는 앱이오.","긍정","0","2"
"2025-09-18 14:55:50","2","아니 추천완결 살려내 완결작 잘보고있는데 이게 무슨경우야","부정","2","0"
"2025-09-18 12:52:37","5","처음으로 네이버 웹툰 쓰는데 좋네요","긍정","1","0"
"2025-09-18 11:11:17","5","너무 재밌고 다양해서 좋아요","긍정","2","0"
"2025-09-18 07:58:29","5","임시 저장 반복이 가능하면 좋겠어욥..","긍정","0","0"
"2025-09-18 03:37:50","5","편하게 즐감하고 있어요~","긍정","0","0"
"2025-09-17 23:45:07","2","기분이 나쁘네요 환생천마 미리보기 한편 다보니까 이벤트랍시고 지금 보면 캐시백? 뜨길래 구매해서 한편 더 봐야겠다 싶었는데 누르니까 다른작품 구매가 됐네요? 상식적으로 보던 웹툰에서 지금보면 캐시백이라고 이벤트 뜨면 보던작품에서 구매가 뜨니까 당연히 같은작품으로 생각하고 구매 누르는게 정상 아닌가요? 심지어 당일 저녁 무료인 작품을 돈내고 보게 유도되서 300원 내다버리게 만드시네요 적다면 적은 돈일지 몰라도 기분 나쁨..","부정","0","0"
"2025-09-17 23:35:01","5","그저 빛!!!","긍정","0","0"
"2025-09-17 18:30:31","5","응원","긍정","1","0"
"2025-09-17 15:01:29","5","굳","긍정","0","0"
"2025-09-17 13:40:09","5","굿","긍정","0","0"
"2025-09-17 10:55:26","5","재미있어요","긍정","2","0"
